Order_Id,Status,To_Open,Date_Pending,Date_Cancelled,Date_Filled,Order
32,Cancel Submitted,True,2020-02-07 09:00:06.300510,1/1/20,1/1/20,"Order(orderId=32, action='Buy', totalQuantity=2, orderType='STP', lmtPrice=0, auxPrice=3339.5, tif='GTC', parentId=31, faProfile='cci_day', conditions=[], softDollarTier=SoftDollarTier())"
63,Cancel Submitted,False,2020-02-07 10:30:06.065983,1/1/20,1/1/20,"Order(orderId=63, action='Buy', totalQuantity=1.0, orderType='MKT', account='DU1044804', conditions=[], softDollarTier=SoftDollarTier())"
63,Cancel Submitted,False,2020-02-07 10:30:06.076332,1/1/20,1/1/20,"Order(orderId=63, action='Buy', totalQuantity=1.0, orderType='MKT', account='DU1044804', conditions=[], softDollarTier=SoftDollarTier())"
64,Cancel Submitted,False,2020-02-07 10:30:06.096164,1/1/20,1/1/20,"Order(orderId=64, action='Buy', totalQuantity=1.0, orderType='MKT', account='DU1044803', conditions=[], softDollarTier=SoftDollarTier())"
64,Cancel Submitted,False,2020-02-07 10:30:06.099448,1/1/20,1/1/20,"Order(orderId=64, action='Buy', totalQuantity=1.0, orderType='MKT', account='DU1044803', conditions=[], softDollarTier=SoftDollarTier())"
66,Cancel Submitted,True,2020-02-07 10:30:06.244854,1/1/20,1/1/20,"Order(orderId=66, action='Sell', totalQuantity=2, orderType='STP', lmtPrice=0, auxPrice=3326.75, tif='GTC', parentId=65, faProfile='cci_day', conditions=[], softDollarTier=SoftDollarTier())"
122,Cancel Submitted,False,2020-02-07 13:15:06.586276,1/1/20,1/1/20,"Order(orderId=122, action='Sell', totalQuantity=1.0, orderType='MKT', account='DU1044804', conditions=[], softDollarTier=SoftDollarTier())"
122,Cancel Submitted,False,2020-02-07 13:15:06.588032,1/1/20,1/1/20,"Order(orderId=122, action='Sell', totalQuantity=1.0, orderType='MKT', account='DU1044804', conditions=[], softDollarTier=SoftDollarTier())"
123,Cancel Submitted,False,2020-02-07 13:15:06.613558,1/1/20,1/1/20,"Order(orderId=123, action='Sell', totalQuantity=1.0, orderType='MKT', account='DU1044803', conditions=[], softDollarTier=SoftDollarTier())"
123,Cancel Submitted,False,2020-02-07 13:15:06.619298,1/1/20,1/1/20,"Order(orderId=123, action='Sell', totalQuantity=1.0, orderType='MKT', account='DU1044803', conditions=[], softDollarTier=SoftDollarTier())"
11,Cancel Submitted,False,2020-02-09 17:54:36.238637,1/1/20,1/1/20,"Order(orderId=11, action='Sell', totalQuantity=1.0, orderType='MKT', account='DU1044804', conditions=[], softDollarTier=SoftDollarTier())"
11,Cancel Submitted,False,2020-02-09 17:54:36.241122,1/1/20,1/1/20,"Order(orderId=11, action='Sell', totalQuantity=1.0, orderType='MKT', account='DU1044804', conditions=[], softDollarTier=SoftDollarTier())"
12,Cancel Submitted,False,2020-02-09 17:54:36.257586,1/1/20,1/1/20,"Order(orderId=12, action='Sell', totalQuantity=1.0, orderType='MKT', account='DU1044803', conditions=[], softDollarTier=SoftDollarTier())"
12,Cancel Submitted,False,2020-02-09 17:54:36.258774,1/1/20,1/1/20,"Order(orderId=12, action='Sell', totalQuantity=1.0, orderType='MKT', account='DU1044803', conditions=[], softDollarTier=SoftDollarTier())"
17,Cancel Submitted,True,2020-02-10 09:00:04.881782,1/1/20,1/1/20,"Order(orderId=17, action='Buy', totalQuantity=2, orderType='STP', lmtPrice=0, auxPrice=3328.75, tif='GTC', parentId=16, faProfile='cci_day', conditions=[], softDollarTier=SoftDollarTier())"
38,Cancel Submitted,False,2020-02-10 09:45:05.906644,1/1/20,1/1/20,"Order(orderId=38, action='Buy', totalQuantity=1.0, orderType='MKT', account='DU1044804', conditions=[], softDollarTier=SoftDollarTier())"
38,Cancel Submitted,False,2020-02-10 09:45:05.908227,1/1/20,1/1/20,"Order(orderId=38, action='Buy', totalQuantity=1.0, orderType='MKT', account='DU1044804', conditions=[], softDollarTier=SoftDollarTier())"
39,Cancel Submitted,False,2020-02-10 09:45:05.919228,1/1/20,1/1/20,"Order(orderId=39, action='Buy', totalQuantity=1.0, orderType='MKT', account='DU1044803', conditions=[], softDollarTier=SoftDollarTier())"
39,Cancel Submitted,False,2020-02-10 09:45:05.920368,1/1/20,1/1/20,"Order(orderId=39, action='Buy', totalQuantity=1.0, orderType='MKT', account='DU1044803', conditions=[], softDollarTier=SoftDollarTier())"
81,Cancel Submitted,True,2020-02-10 11:45:04.474152,1/1/20,1/1/20,"Order(orderId=81, action='Buy', totalQuantity=2, orderType='STP', lmtPrice=0, auxPrice=3346.75, tif='GTC', parentId=80, faProfile='cci_day', conditions=[], softDollarTier=SoftDollarTier())"
147,Cancel Submitted,False,2020-02-10 15:00:05.335496,1/1/20,1/1/20,"Order(orderId=147, action='Buy', totalQuantity=1.0, orderType='MKT', account='DU1044804', conditions=[], softDollarTier=SoftDollarTier())"
147,Cancel Submitted,False,2020-02-10 15:00:05.345856,1/1/20,1/1/20,"Order(orderId=147, action='Buy', totalQuantity=1.0, orderType='MKT', account='DU1044804', conditions=[], softDollarTier=SoftDollarTier())"
148,Cancel Submitted,False,2020-02-10 15:00:05.368096,1/1/20,1/1/20,"Order(orderId=148, action='Buy', totalQuantity=1.0, orderType='MKT', account='DU1044803', conditions=[], softDollarTier=SoftDollarTier())"
148,Cancel Submitted,False,2020-02-10 15:00:05.388099,1/1/20,1/1/20,"Order(orderId=148, action='Buy', totalQuantity=1.0, orderType='MKT', account='DU1044803', conditions=[], softDollarTier=SoftDollarTier())"
150,Cancel Submitted,True,2020-02-10 15:00:05.534241,1/1/20,1/1/20,"Order(orderId=150, action='Sell', totalQuantity=2, orderType='STP', lmtPrice=0, auxPrice=3334.75, tif='GTC', parentId=149, faProfile='cci_day', conditions=[], softDollarTier=SoftDollarTier())"
226,Cancel Submitted,False,2020-02-10 18:45:05.640221,1/1/20,1/1/20,"Order(orderId=226, action='Sell', totalQuantity=1.0, orderType='MKT', account='DU1044804', conditions=[], softDollarTier=SoftDollarTier())"
226,Cancel Submitted,False,2020-02-10 18:45:05.642384,1/1/20,1/1/20,"Order(orderId=226, action='Sell', totalQuantity=1.0, orderType='MKT', account='DU1044804', conditions=[], softDollarTier=SoftDollarTier())"
227,Cancel Submitted,False,2020-02-10 18:45:05.663107,1/1/20,1/1/20,"Order(orderId=227, action='Sell', totalQuantity=1.0, orderType='MKT', account='DU1044803', conditions=[], softDollarTier=SoftDollarTier())"
227,Cancel Submitted,False,2020-02-10 18:45:05.666883,1/1/20,1/1/20,"Order(orderId=227, action='Sell', totalQuantity=1.0, orderType='MKT', account='DU1044803', conditions=[], softDollarTier=SoftDollarTier())"
279,Cancel Submitted,True,2020-02-10 21:15:03.484636,1/1/20,1/1/20,"Order(orderId=279, action='Sell', totalQuantity=2, orderType='STP', lmtPrice=0, auxPrice=3355.5, tif='GTC', parentId=278, faProfile='cci_day', conditions=[], softDollarTier=SoftDollarTier())"
295,Cancel Submitted,False,2020-02-10 22:00:05.814182,1/1/20,1/1/20,"Order(orderId=295, action='Sell', totalQuantity=1.0, orderType='MKT', account='DU1044804', conditions=[], softDollarTier=SoftDollarTier())"
295,Cancel Submitted,False,2020-02-10 22:00:05.816976,1/1/20,1/1/20,"Order(orderId=295, action='Sell', totalQuantity=1.0, orderType='MKT', account='DU1044804', conditions=[], softDollarTier=SoftDollarTier())"
296,Cancel Submitted,False,2020-02-10 22:00:05.842276,1/1/20,1/1/20,"Order(orderId=296, action='Sell', totalQuantity=1.0, orderType='MKT', account='DU1044803', conditions=[], softDollarTier=SoftDollarTier())"
296,Cancel Submitted,False,2020-02-10 22:00:05.853005,1/1/20,1/1/20,"Order(orderId=296, action='Sell', totalQuantity=1.0, orderType='MKT', account='DU1044803', conditions=[], softDollarTier=SoftDollarTier())"
102,Cancel Submitted,True,2020-02-11 13:15:04.597045,1/1/20,1/1/20,"Order(orderId=102, action='Sell', totalQuantity=2, orderType='STP', lmtPrice=0, auxPrice=3361.75, tif='GTC', parentId=101, faProfile='cci_day', conditions=[], softDollarTier=SoftDollarTier())"
169,Cancel Submitted,True,2020-02-12 03:30:04.989776,1/1/20,1/1/20,"Order(orderId=169, action='Sell', totalQuantity=2, orderType='STP', lmtPrice=0, auxPrice=3364.75, tif='GTC', parentId=168, faProfile='cci_day', conditions=[], softDollarTier=SoftDollarTier())"
190,Cancel Submitted,False,2020-02-12 04:30:05.209159,1/1/20,1/1/20,"Order(orderId=190, action='Sell', totalQuantity=1.0, orderType='MKT', account='DU1044803', conditions=[], softDollarTier=SoftDollarTier())"
190,Cancel Submitted,False,2020-02-12 04:30:05.210354,1/1/20,1/1/20,"Order(orderId=190, action='Sell', totalQuantity=1.0, orderType='MKT', account='DU1044803', conditions=[], softDollarTier=SoftDollarTier())"
222,Cancel Submitted,True,2020-02-12 06:00:04.596827,1/1/20,1/1/20,"Order(orderId=222, action='Sell', totalQuantity=2, orderType='STP', lmtPrice=0, auxPrice=3365.75, tif='GTC', parentId=221, faProfile='cci_day', conditions=[], softDollarTier=SoftDollarTier())"
248,Cancel Submitted,False,2020-02-12 07:15:05.769533,1/1/20,1/1/20,"Order(orderId=248, action='Sell', totalQuantity=1.0, orderType='MKT', account='DU1044803', conditions=[], softDollarTier=SoftDollarTier())"
248,Cancel Submitted,False,2020-02-12 07:15:05.772870,1/1/20,1/1/20,"Order(orderId=248, action='Sell', totalQuantity=1.0, orderType='MKT', account='DU1044803', conditions=[], softDollarTier=SoftDollarTier())"
275,Cancel Submitted,True,2020-02-12 08:30:04.498389,1/1/20,1/1/20,"Order(orderId=275, action='Sell', totalQuantity=2, orderType='STP', lmtPrice=0, auxPrice=3366.25, tif='GTC', parentId=274, faProfile='cci_day', conditions=[], softDollarTier=SoftDollarTier())"
311,Cancel Submitted,False,2020-02-12 10:15:05.660812,1/1/20,1/1/20,"Order(orderId=311, action='Sell', totalQuantity=1.0, orderType='MKT', account='DU1044803', conditions=[], softDollarTier=SoftDollarTier())"
311,Cancel Submitted,False,2020-02-12 10:15:05.662628,1/1/20,1/1/20,"Order(orderId=311, action='Sell', totalQuantity=1.0, orderType='MKT', account='DU1044803', conditions=[], softDollarTier=SoftDollarTier())"
483,Cancel Submitted,True,2020-02-12 18:45:04.326258,1/1/20,1/1/20,"Order(orderId=483, action='Buy', totalQuantity=2, orderType='STP', lmtPrice=0, auxPrice=3386.75, tif='GTC', parentId=482, faProfile='ccibb_day', conditions=[], softDollarTier=SoftDollarTier())"
494,Cancel Submitted,False,2020-02-13 20:47:10.302593,1/1/20,1/1/20,"Order(orderId=494, action='Buy', totalQuantity=1.0, orderType='MKT', account='DU1044804', conditions=[], softDollarTier=SoftDollarTier())"
494,Cancel Submitted,False,2020-02-13 20:47:10.306797,1/1/20,1/1/20,"Order(orderId=494, action='Buy', totalQuantity=1.0, orderType='MKT', account='DU1044804', conditions=[], softDollarTier=SoftDollarTier())"
546,Cancel Submitted,True,2020-02-13 23:15:04.875594,1/1/20,1/1/20,"Order(orderId=546, action='Buy', totalQuantity=2, orderType='STP', lmtPrice=0, auxPrice=3391.25, tif='GTC', parentId=545, faProfile='cci_day', conditions=[], softDollarTier=SoftDollarTier())"
587,Cancel Submitted,False,2020-02-14 02:30:05.494141,1/1/20,1/1/20,"Order(orderId=587, action='Buy', totalQuantity=1.0, orderType='MKT', account='DU1044803', conditions=[], softDollarTier=SoftDollarTier())"
587,Cancel Submitted,False,2020-02-14 02:30:05.500695,1/1/20,1/1/20,"Order(orderId=587, action='Buy', totalQuantity=1.0, orderType='MKT', account='DU1044803', conditions=[], softDollarTier=SoftDollarTier())"
589,Cancel Submitted,True,2020-02-14 02:30:05.596326,1/1/20,1/1/20,"Order(orderId=589, action='Sell', totalQuantity=2, orderType='STP', lmtPrice=0, auxPrice=3378.5, tif='GTC', parentId=588, faProfile='ccibb_day', conditions=[], softDollarTier=SoftDollarTier())"
591,Cancel Submitted,True,2020-02-14 02:30:05.669568,1/1/20,1/1/20,"Order(orderId=591, action='Sell', totalQuantity=2, orderType='STP', lmtPrice=0, auxPrice=3378.5, tif='GTC', parentId=590, faProfile='cci_day', conditions=[], softDollarTier=SoftDollarTier())"
612,Cancel Submitted,False,2020-02-14 03:30:06.718854,1/1/20,1/1/20,"Order(orderId=612, action='Sell', totalQuantity=1.0, orderType='MKT', account='DU1044804', conditions=[], softDollarTier=SoftDollarTier())"
612,Cancel Submitted,False,2020-02-14 03:30:06.719862,1/1/20,1/1/20,"Order(orderId=612, action='Sell', totalQuantity=1.0, orderType='MKT', account='DU1044804', conditions=[], softDollarTier=SoftDollarTier())"
613,Cancel Submitted,False,2020-02-14 03:30:06.740361,1/1/20,1/1/20,"Order(orderId=613, action='Sell', totalQuantity=1.0, orderType='MKT', account='DU1044803', conditions=[], softDollarTier=SoftDollarTier())"
613,Cancel Submitted,False,2020-02-14 03:30:06.748569,1/1/20,1/1/20,"Order(orderId=613, action='Sell', totalQuantity=1.0, orderType='MKT', account='DU1044803', conditions=[], softDollarTier=SoftDollarTier())"
755,Cancel Submitted,True,2020-02-14 10:30:04.749834,1/1/20,1/1/20,"Order(orderId=755, action='Sell', totalQuantity=2, orderType='STP', lmtPrice=0, auxPrice=3370.25, tif='GTC', parentId=754, faProfile='cci_day', conditions=[], softDollarTier=SoftDollarTier())"
791,Cancel Submitted,False,2020-02-14 12:15:05.307578,1/1/20,1/1/20,"Order(orderId=791, action='Sell', totalQuantity=1.0, orderType='MKT', account='DU1044803', conditions=[], softDollarTier=SoftDollarTier())"
791,Cancel Submitted,False,2020-02-14 12:15:05.309750,1/1/20,1/1/20,"Order(orderId=791, action='Sell', totalQuantity=1.0, orderType='MKT', account='DU1044803', conditions=[], softDollarTier=SoftDollarTier())"
843,Cancel Submitted,True,2020-02-14 14:15:04.368262,1/1/20,1/1/20,"Order(orderId=843, action='Sell', totalQuantity=2, orderType='STP', lmtPrice=0, auxPrice=3364.25, tif='GTC', parentId=842, faProfile='cci_day', conditions=[], softDollarTier=SoftDollarTier())"
894,Cancel Submitted,False,2020-02-16 19:15:06.226179,1/1/20,1/1/20,"Order(orderId=894, action='Sell', totalQuantity=1.0, orderType='MKT', account='DU1044803', conditions=[], softDollarTier=SoftDollarTier())"
894,Cancel Submitted,False,2020-02-16 19:15:06.231005,1/1/20,1/1/20,"Order(orderId=894, action='Sell', totalQuantity=1.0, orderType='MKT', account='DU1044803', conditions=[], softDollarTier=SoftDollarTier())"
906,Cancel Submitted,True,2020-02-17 00:49:04.828943,1/1/20,1/1/20,"Order(orderId=906, action='Sell', totalQuantity=2, orderType='STP', lmtPrice=0, auxPrice=3384.25, tif='GTC', parentId=905, faProfile='ccibb_day', conditions=[], softDollarTier=SoftDollarTier())"
937,Cancel Submitted,False,2020-02-17 02:15:06.307220,1/1/20,1/1/20,"Order(orderId=937, action='Sell', totalQuantity=1.0, orderType='MKT', account='DU1044804', conditions=[], softDollarTier=SoftDollarTier())"
937,Cancel Submitted,False,2020-02-17 02:15:06.309520,1/1/20,1/1/20,"Order(orderId=937, action='Sell', totalQuantity=1.0, orderType='MKT', account='DU1044804', conditions=[], softDollarTier=SoftDollarTier())"
994,Cancel Submitted,True,2020-02-17 05:00:05.267344,1/1/20,1/1/20,"Order(orderId=994, action='Sell', totalQuantity=2, orderType='STP', lmtPrice=0, auxPrice=3384.75, tif='GTC', parentId=993, faProfile='ccibb_day', conditions=[], softDollarTier=SoftDollarTier())"
1010,Cancel Submitted,False,2020-02-17 05:45:06.100023,1/1/20,1/1/20,"Order(orderId=1010, action='Sell', totalQuantity=1.0, orderType='MKT', account='DU1044804', conditions=[], softDollarTier=SoftDollarTier())"
1010,Cancel Submitted,False,2020-02-17 05:45:06.108901,1/1/20,1/1/20,"Order(orderId=1010, action='Sell', totalQuantity=1.0, orderType='MKT', account='DU1044804', conditions=[], softDollarTier=SoftDollarTier())"
1037,Cancel Submitted,True,2020-02-17 07:00:03.919646,1/1/20,1/1/20,"Order(orderId=1037, action='Sell', totalQuantity=2, orderType='STP', lmtPrice=0, auxPrice=3385.5, tif='GTC', parentId=1036, faProfile='ccibb_day', conditions=[], softDollarTier=SoftDollarTier())"
1063,Cancel Submitted,False,2020-02-17 08:15:05.542835,1/1/20,1/1/20,"Order(orderId=1063, action='Sell', totalQuantity=1.0, orderType='MKT', account='DU1044804', conditions=[], softDollarTier=SoftDollarTier())"
1063,Cancel Submitted,False,2020-02-17 08:15:05.544987,1/1/20,1/1/20,"Order(orderId=1063, action='Sell', totalQuantity=1.0, orderType='MKT', account='DU1044804', conditions=[], softDollarTier=SoftDollarTier())"
1135,Cancel Submitted,True,2020-02-18 04:00:05.553263,1/1/20,1/1/20,"Order(orderId=1135, action='Sell', totalQuantity=2, orderType='STP', lmtPrice=0, auxPrice=3363.5, tif='GTC', parentId=1134, faProfile='cci_day', conditions=[], softDollarTier=SoftDollarTier())"
1141,Cancel Submitted,False,2020-02-18 04:15:05.490905,1/1/20,1/1/20,"Order(orderId=1141, action='Sell', totalQuantity=1.0, orderType='MKT', account='DU1044803', conditions=[], softDollarTier=SoftDollarTier())"
1141,Cancel Submitted,False,2020-02-18 04:15:05.492614,1/1/20,1/1/20,"Order(orderId=1141, action='Sell', totalQuantity=1.0, orderType='MKT', account='DU1044803', conditions=[], softDollarTier=SoftDollarTier())"
1158,Cancel Submitted,True,2020-02-18 05:00:05.338918,1/1/20,1/1/20,"Order(orderId=1158, action='Sell', totalQuantity=2, orderType='STP', lmtPrice=0, auxPrice=3359.75, tif='GTC', parentId=1157, faProfile='cci_day', conditions=[], softDollarTier=SoftDollarTier())"
1199,Cancel Submitted,False,2020-02-18 07:00:05.527073,1/1/20,1/1/20,"Order(orderId=1199, action='Sell', totalQuantity=1.0, orderType='MKT', account='DU1044803', conditions=[], softDollarTier=SoftDollarTier())"
1199,Cancel Submitted,False,2020-02-18 07:00:05.527813,1/1/20,1/1/20,"Order(orderId=1199, action='Sell', totalQuantity=1.0, orderType='MKT', account='DU1044803', conditions=[], softDollarTier=SoftDollarTier())"
1201,Cancel Submitted,True,2020-02-18 07:00:05.639029,1/1/20,1/1/20,"Order(orderId=1201, action='Buy', totalQuantity=2, orderType='STP', lmtPrice=0, auxPrice=3369.75, tif='GTC', parentId=1200, faProfile='ccibb_day', conditions=[], softDollarTier=SoftDollarTier())"
1227,Cancel Submitted,False,2020-02-18 08:15:05.179763,1/1/20,1/1/20,"Order(orderId=1227, action='Buy', totalQuantity=1.0, orderType='MKT', account='DU1044804', conditions=[], softDollarTier=SoftDollarTier())"
1227,Cancel Submitted,False,2020-02-18 08:15:05.183192,1/1/20,1/1/20,"Order(orderId=1227, action='Buy', totalQuantity=1.0, orderType='MKT', account='DU1044804', conditions=[], softDollarTier=SoftDollarTier())"
57,Cancel Submitted,True,2020-02-19 03:00:06.283952,1/1/20,1/1/20,"Order(orderId=57, action='Sell', totalQuantity=2, orderType='STP', lmtPrice=0, auxPrice=3375.0, tif='GTC', parentId=56, faProfile='cci_day', conditions=[], softDollarTier=SoftDollarTier())"
63,Cancel Submitted,False,2020-02-19 03:15:05.164626,1/1/20,1/1/20,"Order(orderId=63, action='Sell', totalQuantity=1.0, orderType='MKT', account='DU1044803', conditions=[], softDollarTier=SoftDollarTier())"
63,Cancel Submitted,False,2020-02-19 03:15:05.171783,1/1/20,1/1/20,"Order(orderId=63, action='Sell', totalQuantity=1.0, orderType='MKT', account='DU1044803', conditions=[], softDollarTier=SoftDollarTier())"
90,Cancel Submitted,True,2020-02-19 04:30:03.820984,1/1/20,1/1/20,"Order(orderId=90, action='Sell', totalQuantity=2, orderType='STP', lmtPrice=0, auxPrice=3373.0, tif='GTC', parentId=89, faProfile='cci_day', conditions=[], softDollarTier=SoftDollarTier())"
106,Cancel Submitted,False,2020-02-19 05:15:04.799244,1/1/20,1/1/20,"Order(orderId=106, action='Sell', totalQuantity=1.0, orderType='MKT', account='DU1044803', conditions=[], softDollarTier=SoftDollarTier())"
106,Cancel Submitted,False,2020-02-19 05:15:04.802210,1/1/20,1/1/20,"Order(orderId=106, action='Sell', totalQuantity=1.0, orderType='MKT', account='DU1044803', conditions=[], softDollarTier=SoftDollarTier())"
138,Cancel Submitted,True,2020-02-19 06:45:04.339325,1/1/20,1/1/20,"Order(orderId=138, action='Buy', totalQuantity=2, orderType='STP', lmtPrice=0, auxPrice=3380.75, tif='GTC', parentId=137, faProfile='ccibb_day', conditions=[], softDollarTier=SoftDollarTier())"
140,Cancel Submitted,True,2020-02-19 06:45:04.401810,1/1/20,1/1/20,"Order(orderId=140, action='Buy', totalQuantity=2, orderType='STP', lmtPrice=0, auxPrice=3380.75, tif='GTC', parentId=139, faProfile='cci_day', conditions=[], softDollarTier=SoftDollarTier())"
146,Cancel Submitted,False,2020-02-19 07:00:08.397050,1/1/20,1/1/20,"Order(orderId=146, action='Buy', totalQuantity=1.0, orderType='MKT', account='DU1044804', conditions=[], softDollarTier=SoftDollarTier())"
146,Cancel Submitted,False,2020-02-19 07:00:08.399150,1/1/20,1/1/20,"Order(orderId=146, action='Buy', totalQuantity=1.0, orderType='MKT', account='DU1044804', conditions=[], softDollarTier=SoftDollarTier())"
147,Cancel Submitted,False,2020-02-19 07:00:08.445039,1/1/20,1/1/20,"Order(orderId=147, action='Buy', totalQuantity=1.0, orderType='MKT', account='DU1044803', conditions=[], softDollarTier=SoftDollarTier())"
147,Cancel Submitted,False,2020-02-19 07:00:08.447185,1/1/20,1/1/20,"Order(orderId=147, action='Buy', totalQuantity=1.0, orderType='MKT', account='DU1044803', conditions=[], softDollarTier=SoftDollarTier())"
149,Cancel Submitted,True,2020-02-19 07:00:08.578378,1/1/20,1/1/20,"Order(orderId=149, action='Sell', totalQuantity=2, orderType='STP', lmtPrice=0, auxPrice=3373.0, tif='GTC', parentId=148, faProfile='cci_day', conditions=[], softDollarTier=SoftDollarTier())"
245,Cancel Submitted,False,2020-02-19 11:45:06.977296,1/1/20,1/1/20,"Order(orderId=245, action='Sell', totalQuantity=1.0, orderType='MKT', account='DU1044803', conditions=[], softDollarTier=SoftDollarTier())"
245,Cancel Submitted,False,2020-02-19 11:45:06.978915,1/1/20,1/1/20,"Order(orderId=245, action='Sell', totalQuantity=1.0, orderType='MKT', account='DU1044803', conditions=[], softDollarTier=SoftDollarTier())"
247,Cancel Submitted,True,2020-02-19 11:45:07.107052,1/1/20,1/1/20,"Order(orderId=247, action='Buy', totalQuantity=2, orderType='STP', lmtPrice=0, auxPrice=3393.75, tif='GTC', parentId=246, faProfile='ccibb_day', conditions=[], softDollarTier=SoftDollarTier())"
249,Cancel Submitted,True,2020-02-19 11:45:07.218578,1/1/20,1/1/20,"Order(orderId=249, action='Buy', totalQuantity=2, orderType='STP', lmtPrice=0, auxPrice=3393.75, tif='GTC', parentId=248, faProfile='cci_day', conditions=[], softDollarTier=SoftDollarTier())"
331,Cancel Submitted,True,2020-02-19 18:00:05.471396,1/1/20,1/1/20,"Order(orderId=331, action='Sell', totalQuantity=2, orderType='STP', lmtPrice=0, auxPrice=3385.75, tif='GTC', parentId=330, faProfile='ccibb_day', conditions=[], softDollarTier=SoftDollarTier())"
337,Cancel Submitted,False,2020-02-19 18:15:05.682976,1/1/20,1/1/20,"Order(orderId=337, action='Sell', totalQuantity=1.0, orderType='MKT', account='DU1044804', conditions=[], softDollarTier=SoftDollarTier())"
337,Cancel Submitted,False,2020-02-19 18:15:05.688422,1/1/20,1/1/20,"Order(orderId=337, action='Sell', totalQuantity=1.0, orderType='MKT', account='DU1044804', conditions=[], softDollarTier=SoftDollarTier())"
339,Cancel Submitted,True,2020-02-19 18:15:05.800344,1/1/20,1/1/20,"Order(orderId=339, action='Sell', totalQuantity=2, orderType='STP', lmtPrice=0, auxPrice=3386.0, tif='GTC', parentId=338, faProfile='ccibb_day', conditions=[], softDollarTier=SoftDollarTier())"
390,Cancel Submitted,False,2020-02-19 20:45:05.420504,1/1/20,1/1/20,"Order(orderId=390, action='Sell', totalQuantity=1.0, orderType='MKT', account='DU1044804', conditions=[], softDollarTier=SoftDollarTier())"
390,Cancel Submitted,False,2020-02-19 20:45:05.425859,1/1/20,1/1/20,"Order(orderId=390, action='Sell', totalQuantity=1.0, orderType='MKT', account='DU1044804', conditions=[], softDollarTier=SoftDollarTier())"
392,Cancel Submitted,True,2020-02-19 20:45:05.579770,1/1/20,1/1/20,"Order(orderId=392, action='Buy', totalQuantity=2, orderType='STP', lmtPrice=0, auxPrice=3398.75, tif='GTC', parentId=391, faProfile='cci_day', conditions=[], softDollarTier=SoftDollarTier())"
443,Cancel Submitted,False,2020-02-19 23:15:05.016352,1/1/20,1/1/20,"Order(orderId=443, action='Buy', totalQuantity=1.0, orderType='MKT', account='DU1044803', conditions=[], softDollarTier=SoftDollarTier())"
443,Cancel Submitted,False,2020-02-19 23:15:05.016990,1/1/20,1/1/20,"Order(orderId=443, action='Buy', totalQuantity=1.0, orderType='MKT', account='DU1044803', conditions=[], softDollarTier=SoftDollarTier())"
445,Cancel Submitted,True,2020-02-19 23:15:05.147224,1/1/20,1/1/20,"Order(orderId=445, action='Sell', totalQuantity=2, orderType='STP', lmtPrice=0, auxPrice=3374.75, tif='GTC', parentId=444, faProfile='cci_day', conditions=[], softDollarTier=SoftDollarTier())"
456,Cancel Submitted,False,2020-02-20 07:53:13.244987,1/1/20,1/1/20,"Order(orderId=456, action='Sell', totalQuantity=1.0, orderType='MKT', account='DU1044803', conditions=[], softDollarTier=SoftDollarTier())"
456,Cancel Submitted,False,2020-02-20 07:53:13.246363,1/1/20,1/1/20,"Order(orderId=456, action='Sell', totalQuantity=1.0, orderType='MKT', account='DU1044803', conditions=[], softDollarTier=SoftDollarTier())"
528,Cancel Submitted,True,2020-02-20 11:15:04.770928,1/1/20,1/1/20,"Order(orderId=528, action='Buy', totalQuantity=2, orderType='STP', lmtPrice=0, auxPrice=3382.0, tif='GTC', parentId=527, faProfile='cci_day', conditions=[], softDollarTier=SoftDollarTier())"
559,Cancel Submitted,False,2020-02-20 12:45:07.019075,1/1/20,1/1/20,"Order(orderId=559, action='Buy', totalQuantity=1.0, orderType='MKT', account='DU1044803', conditions=[], softDollarTier=SoftDollarTier())"
559,Cancel Submitted,False,2020-02-20 12:45:07.019977,1/1/20,1/1/20,"Order(orderId=559, action='Buy', totalQuantity=1.0, orderType='MKT', account='DU1044803', conditions=[], softDollarTier=SoftDollarTier())"
22,Cancel Submitted,True,2020-02-21 08:45:04.447897,1/1/20,1/1/20,"Order(orderId=22, action='Buy', totalQuantity=2, orderType='STP', lmtPrice=0, auxPrice=3365.25, tif='GTC', parentId=21, faProfile='cci_day', conditions=[], softDollarTier=SoftDollarTier())"
73,Cancel Submitted,False,2020-02-21 11:15:05.430587,1/1/20,1/1/20,"Order(orderId=73, action='Buy', totalQuantity=1.0, orderType='MKT', account='DU1044803', conditions=[], softDollarTier=SoftDollarTier())"
73,Cancel Submitted,False,2020-02-21 11:15:05.431682,1/1/20,1/1/20,"Order(orderId=73, action='Buy', totalQuantity=1.0, orderType='MKT', account='DU1044803', conditions=[], softDollarTier=SoftDollarTier())"
75,Cancel Submitted,True,2020-02-21 11:15:05.509820,1/1/20,1/1/20,"Order(orderId=75, action='Sell', totalQuantity=2, orderType='STP', lmtPrice=0, auxPrice=3336.25, tif='GTC', parentId=74, faProfile='ccibb_day', conditions=[], softDollarTier=SoftDollarTier())"
77,Cancel Submitted,True,2020-02-21 11:15:05.620010,1/1/20,1/1/20,"Order(orderId=77, action='Sell', totalQuantity=2, orderType='STP', lmtPrice=0, auxPrice=3336.25, tif='GTC', parentId=76, faProfile='cci_day', conditions=[], softDollarTier=SoftDollarTier())"
123,Cancel Submitted,False,2020-02-21 13:30:07.246752,1/1/20,1/1/20,"Order(orderId=123, action='Sell', totalQuantity=1.0, orderType='MKT', account='DU1044803', conditions=[], softDollarTier=SoftDollarTier())"
123,Cancel Submitted,False,2020-02-21 13:30:07.250004,1/1/20,1/1/20,"Order(orderId=123, action='Sell', totalQuantity=1.0, orderType='MKT', account='DU1044803', conditions=[], softDollarTier=SoftDollarTier())"
124,Cancel Submitted,False,2020-02-21 13:30:07.280442,1/1/20,1/1/20,"Order(orderId=124, action='Sell', totalQuantity=1.0, orderType='MKT', account='DU1044804', conditions=[], softDollarTier=SoftDollarTier())"
124,Cancel Submitted,False,2020-02-21 13:30:07.282418,1/1/20,1/1/20,"Order(orderId=124, action='Sell', totalQuantity=1.0, orderType='MKT', account='DU1044804', conditions=[], softDollarTier=SoftDollarTier())"
37,Cancel Submitted,True,2020-02-23 18:00:04.990931,1/1/20,1/1/20,"Order(orderId=37, action='Buy', totalQuantity=2, orderType='STP', lmtPrice=0, auxPrice=3314.0, tif='GTC', parentId=36, faProfile='ccibb_day', conditions=[], softDollarTier=SoftDollarTier())"
43,Cancel Submitted,False,2020-02-23 18:15:04.644744,1/1/20,1/1/20,"Order(orderId=43, action='Buy', totalQuantity=1.0, orderType='MKT', account='DU1044804', conditions=[], softDollarTier=SoftDollarTier())"
43,Cancel Submitted,False,2020-02-23 18:15:04.647444,1/1/20,1/1/20,"Order(orderId=43, action='Buy', totalQuantity=1.0, orderType='MKT', account='DU1044804', conditions=[], softDollarTier=SoftDollarTier())"
182,Cancel Submitted,True,2020-02-24 21:45:04.375324,1/1/20,1/1/20,"Order(orderId=182, action='Buy', totalQuantity=2, orderType='STP', lmtPrice=0, auxPrice=3259.75, tif='GTC', parentId=181, faProfile='cci_day', conditions=[], softDollarTier=SoftDollarTier())"
223,Cancel Submitted,False,2020-02-24 23:45:59.957974,1/1/20,1/1/20,"Order(orderId=223, action='Buy', totalQuantity=1.0, orderType='MKT', account='DU1044803', conditions=[], softDollarTier=SoftDollarTier())"
223,Cancel Submitted,False,2020-02-24 23:45:59.959154,1/1/20,1/1/20,"Order(orderId=223, action='Buy', totalQuantity=1.0, orderType='MKT', account='DU1044803', conditions=[], softDollarTier=SoftDollarTier())"
295,Cancel Submitted,True,2020-02-25 03:45:03.886489,1/1/20,1/1/20,"Order(orderId=295, action='Buy', totalQuantity=2, orderType='STP', lmtPrice=0, auxPrice=3248.5, tif='GTC', parentId=294, faProfile='cci_day', conditions=[], softDollarTier=SoftDollarTier())"
341,Cancel Submitted,False,2020-02-25 06:00:04.688435,1/1/20,1/1/20,"Order(orderId=341, action='Buy', totalQuantity=1.0, orderType='MKT', account='DU1044803', conditions=[], softDollarTier=SoftDollarTier())"
341,Cancel Submitted,False,2020-02-25 06:00:04.689850,1/1/20,1/1/20,"Order(orderId=341, action='Buy', totalQuantity=1.0, orderType='MKT', account='DU1044803', conditions=[], softDollarTier=SoftDollarTier())"
343,Cancel Submitted,True,2020-02-25 06:00:04.837522,1/1/20,1/1/20,"Order(orderId=343, action='Sell', totalQuantity=2, orderType='STP', lmtPrice=0, auxPrice=3224.0, tif='GTC', parentId=342, faProfile='cci_day', conditions=[], softDollarTier=SoftDollarTier())"
379,Cancel Submitted,False,2020-02-25 09:45:05.185218,1/1/20,1/1/20,"Order(orderId=379, action='Sell', totalQuantity=1.0, orderType='MKT', account='DU1044803', conditions=[], softDollarTier=SoftDollarTier())"
379,Cancel Submitted,False,2020-02-25 09:45:05.186652,1/1/20,1/1/20,"Order(orderId=379, action='Sell', totalQuantity=1.0, orderType='MKT', account='DU1044803', conditions=[], softDollarTier=SoftDollarTier())"
426,Cancel Submitted,True,2020-02-25 12:00:04.255537,1/1/20,1/1/20,"Order(orderId=426, action='Sell', totalQuantity=2, orderType='STP', lmtPrice=0, auxPrice=3183.25, tif='GTC', parentId=425, faProfile='cci_day', conditions=[], softDollarTier=SoftDollarTier())"
488,Cancel Submitted,True,2020-02-25 15:00:04.414741,1/1/20,1/1/20,"Order(orderId=488, action='Sell', totalQuantity=2, orderType='STP', lmtPrice=0, auxPrice=3128.75, tif='GTC', parentId=487, faProfile='cci_day', conditions=[], softDollarTier=SoftDollarTier())"
595,Cancel Submitted,True,2020-02-25 20:15:04.634171,1/1/20,1/1/20,"Order(orderId=595, action='Buy', totalQuantity=2, orderType='STP', lmtPrice=0, auxPrice=3144.5, tif='GTC', parentId=594, faProfile='cci_day', conditions=[], softDollarTier=SoftDollarTier())"
616,Cancel Submitted,False,2020-02-25 21:15:05.931499,1/1/20,1/1/20,"Order(orderId=616, action='Buy', totalQuantity=1.0, orderType='MKT', account='DU1044803', conditions=[], softDollarTier=SoftDollarTier())"
616,Cancel Submitted,False,2020-02-25 21:15:05.933821,1/1/20,1/1/20,"Order(orderId=616, action='Buy', totalQuantity=1.0, orderType='MKT', account='DU1044803', conditions=[], softDollarTier=SoftDollarTier())"
628,Cancel Submitted,True,2020-02-26 00:46:45.517857,1/1/20,1/1/20,"Order(orderId=628, action='Buy', totalQuantity=2, orderType='STP', lmtPrice=0, auxPrice=3154.75, tif='GTC', parentId=627, faProfile='cci_day', conditions=[], softDollarTier=SoftDollarTier())"
644,Cancel Submitted,False,2020-02-26 01:15:05.418050,1/1/20,1/1/20,"Order(orderId=644, action='Buy', totalQuantity=1.0, orderType='MKT', account='DU1044803', conditions=[], softDollarTier=SoftDollarTier())"
644,Cancel Submitted,False,2020-02-26 01:15:05.418826,1/1/20,1/1/20,"Order(orderId=644, action='Buy', totalQuantity=1.0, orderType='MKT', account='DU1044803', conditions=[], softDollarTier=SoftDollarTier())"
726,Cancel Submitted,True,2020-02-26 05:15:03.562233,1/1/20,1/1/20,"Order(orderId=726, action='Sell', totalQuantity=2, orderType='STP', lmtPrice=0, auxPrice=3112.75, tif='GTC', parentId=725, faProfile='cci_day', conditions=[], softDollarTier=SoftDollarTier())"
777,Cancel Submitted,False,2020-02-26 07:45:05.717784,1/1/20,1/1/20,"Order(orderId=777, action='Sell', totalQuantity=1.0, orderType='MKT', account='DU1044803', conditions=[], softDollarTier=SoftDollarTier())"
777,Cancel Submitted,False,2020-02-26 07:45:05.718978,1/1/20,1/1/20,"Order(orderId=777, action='Sell', totalQuantity=1.0, orderType='MKT', account='DU1044803', conditions=[], softDollarTier=SoftDollarTier())"
42,Cancel Submitted,True,2020-02-26 09:45:05.206021,1/1/20,1/1/20,"Order(orderId=42, action='Sell', totalQuantity=2, orderType='STP', lmtPrice=0, auxPrice=3158.25, tif='GTC', parentId=41, faProfile='ccibb_day', conditions=[], softDollarTier=SoftDollarTier())"
44,Cancel Submitted,True,2020-02-26 09:45:05.249863,1/1/20,1/1/20,"Order(orderId=44, action='Sell', totalQuantity=2, orderType='STP', lmtPrice=0, auxPrice=3158.25, tif='GTC', parentId=43, faProfile='cci_day', conditions=[], softDollarTier=SoftDollarTier())"
76,Cancel Submitted,True,2020-02-26 11:15:04.331886,1/1/20,1/1/20,"Order(orderId=76, action='Buy', totalQuantity=2, orderType='STP', lmtPrice=0, auxPrice=3177.5, tif='GTC', parentId=75, faProfile='ccibb_day', conditions=[], softDollarTier=SoftDollarTier())"
78,Cancel Submitted,True,2020-02-26 11:15:04.401246,1/1/20,1/1/20,"Order(orderId=78, action='Buy', totalQuantity=2, orderType='STP', lmtPrice=0, auxPrice=3177.5, tif='GTC', parentId=77, faProfile='cci_day', conditions=[], softDollarTier=SoftDollarTier())"
260,Cancel Submitted,True,2020-02-26 20:15:04.001979,1/1/20,1/1/20,"Order(orderId=260, action='Buy', totalQuantity=2, orderType='STP', lmtPrice=0, auxPrice=3098.75, tif='GTC', parentId=259, faProfile='cci_day', conditions=[], softDollarTier=SoftDollarTier())"
321,Cancel Submitted,False,2020-02-26 23:15:05.321582,1/1/20,1/1/20,"Order(orderId=321, action='Buy', totalQuantity=1.0, orderType='MKT', account='DU1044803', conditions=[], softDollarTier=SoftDollarTier())"
321,Cancel Submitted,False,2020-02-26 23:15:05.326041,1/1/20,1/1/20,"Order(orderId=321, action='Buy', totalQuantity=1.0, orderType='MKT', account='DU1044803', conditions=[], softDollarTier=SoftDollarTier())"
323,Cancel Submitted,True,2020-02-26 23:15:05.460535,1/1/20,1/1/20,"Order(orderId=323, action='Sell', totalQuantity=2, orderType='STP', lmtPrice=0, auxPrice=3057.75, tif='GTC', parentId=322, faProfile='cci_day', conditions=[], softDollarTier=SoftDollarTier())"
359,Cancel Submitted,False,2020-02-27 04:00:04.634142,1/1/20,1/1/20,"Order(orderId=359, action='Sell', totalQuantity=1.0, orderType='MKT', account='DU1044803', conditions=[], softDollarTier=SoftDollarTier())"
359,Cancel Submitted,False,2020-02-27 04:00:04.634710,1/1/20,1/1/20,"Order(orderId=359, action='Sell', totalQuantity=1.0, orderType='MKT', account='DU1044803', conditions=[], softDollarTier=SoftDollarTier())"
57,Cancel Submitted,True,2020-02-27 11:00:04.804155,1/1/20,1/1/20,"Order(orderId=57, action='Sell', totalQuantity=2, orderType='STP', lmtPrice=0, auxPrice=3039.25, tif='GTC', parentId=56, faProfile='ccibb_day', conditions=[], softDollarTier=SoftDollarTier())"
59,Cancel Submitted,True,2020-02-27 11:00:04.847179,1/1/20,1/1/20,"Order(orderId=59, action='Sell', totalQuantity=2, orderType='STP', lmtPrice=0, auxPrice=3039.25, tif='GTC', parentId=58, faProfile='cci_day', conditions=[], softDollarTier=SoftDollarTier())"
152,Cancel Submitted,True,2020-03-02 07:45:04.688882,1/1/20,1/1/20,"Order(orderId=152, action='Sell', totalQuantity=2, orderType='STP', lmtPrice=0, auxPrice=2910.25, tif='GTC', parentId=151, faProfile='cci_day', conditions=[], softDollarTier=SoftDollarTier())"
263,Cancel Submitted,False,2020-03-02 13:15:05.167521,1/1/20,1/1/20,"Order(orderId=263, action='Sell', totalQuantity=1.0, orderType='MKT', account='DU1044803', conditions=[], softDollarTier=SoftDollarTier())"
263,Cancel Submitted,False,2020-03-02 13:15:05.168745,1/1/20,1/1/20,"Order(orderId=263, action='Sell', totalQuantity=1.0, orderType='MKT', account='DU1044803', conditions=[], softDollarTier=SoftDollarTier())"
560,Cancel Submitted,True,2020-03-03 15:00:04.665171,1/1/20,1/1/20,"Order(orderId=560, action='Sell', totalQuantity=2, orderType='STP', lmtPrice=0, auxPrice=2984.75, tif='GTC', parentId=559, faProfile='ccibb_day', conditions=[], softDollarTier=SoftDollarTier())"
562,Cancel Submitted,True,2020-03-03 15:00:04.741398,1/1/20,1/1/20,"Order(orderId=562, action='Sell', totalQuantity=2, orderType='STP', lmtPrice=0, auxPrice=2984.75, tif='GTC', parentId=561, faProfile='cci_day', conditions=[], softDollarTier=SoftDollarTier())"
613,Cancel Submitted,False,2020-03-03 17:30:06.656182,1/1/20,1/1/20,"Order(orderId=613, action='Sell', totalQuantity=1.0, orderType='MKT', account='DU1044803', conditions=[], softDollarTier=SoftDollarTier())"
613,Cancel Submitted,False,2020-03-03 17:30:06.659773,1/1/20,1/1/20,"Order(orderId=613, action='Sell', totalQuantity=1.0, orderType='MKT', account='DU1044803', conditions=[], softDollarTier=SoftDollarTier())"
614,Cancel Submitted,False,2020-03-03 17:30:06.699078,1/1/20,1/1/20,"Order(orderId=614, action='Sell', totalQuantity=1.0, orderType='MKT', account='DU1044804', conditions=[], softDollarTier=SoftDollarTier())"
614,Cancel Submitted,False,2020-03-03 17:30:06.702759,1/1/20,1/1/20,"Order(orderId=614, action='Sell', totalQuantity=1.0, orderType='MKT', account='DU1044804', conditions=[], softDollarTier=SoftDollarTier())"
620,Cancel Submitted,False,2020-03-03 17:45:20.692309,1/1/20,1/1/20,"Order(orderId=620, action='Sell', totalQuantity=1.0, orderType='MKT', account='DU1044803', conditions=[], softDollarTier=SoftDollarTier())"
620,Cancel Submitted,False,2020-03-03 17:45:20.693503,1/1/20,1/1/20,"Order(orderId=620, action='Sell', totalQuantity=1.0, orderType='MKT', account='DU1044803', conditions=[], softDollarTier=SoftDollarTier())"
621,Cancel Submitted,False,2020-03-03 17:45:20.724307,1/1/20,1/1/20,"Order(orderId=621, action='Sell', totalQuantity=1.0, orderType='MKT', account='DU1044804', conditions=[], softDollarTier=SoftDollarTier())"
621,Cancel Submitted,False,2020-03-03 17:45:20.725521,1/1/20,1/1/20,"Order(orderId=621, action='Sell', totalQuantity=1.0, orderType='MKT', account='DU1044804', conditions=[], softDollarTier=SoftDollarTier())"
633,Cancel Submitted,True,2020-03-04 00:16:45.728490,1/1/20,1/1/20,"Order(orderId=633, action='Buy', totalQuantity=2, orderType='STP', lmtPrice=0, auxPrice=3041.5, tif='GTC', parentId=632, faProfile='cci_day', conditions=[], softDollarTier=SoftDollarTier())"
654,Cancel Submitted,False,2020-03-04 01:30:04.845314,1/1/20,1/1/20,"Order(orderId=654, action='Buy', totalQuantity=1.0, orderType='MKT', account='DU1044803', conditions=[], softDollarTier=SoftDollarTier())"
654,Cancel Submitted,False,2020-03-04 01:30:04.850344,1/1/20,1/1/20,"Order(orderId=654, action='Buy', totalQuantity=1.0, orderType='MKT', account='DU1044803', conditions=[], softDollarTier=SoftDollarTier())"
661,Cancel Submitted,True,2020-03-04 01:45:05.746893,1/1/20,1/1/20,"Order(orderId=661, action='Buy', totalQuantity=2, orderType='STP', lmtPrice=0, auxPrice=3042.25, tif='GTC', parentId=660, faProfile='cci_day', conditions=[], softDollarTier=SoftDollarTier())"
687,Cancel Submitted,False,2020-03-04 03:00:05.699196,1/1/20,1/1/20,"Order(orderId=687, action='Buy', totalQuantity=1.0, orderType='MKT', account='DU1044803', conditions=[], softDollarTier=SoftDollarTier())"
687,Cancel Submitted,False,2020-03-04 03:00:05.700337,1/1/20,1/1/20,"Order(orderId=687, action='Buy', totalQuantity=1.0, orderType='MKT', account='DU1044803', conditions=[], softDollarTier=SoftDollarTier())"
694,Cancel Submitted,True,2020-03-04 03:15:04.509296,1/1/20,1/1/20,"Order(orderId=694, action='Buy', totalQuantity=2, orderType='STP', lmtPrice=0, auxPrice=3044.0, tif='GTC', parentId=693, faProfile='cci_day', conditions=[], softDollarTier=SoftDollarTier())"
705,Cancel Submitted,False,2020-03-04 03:45:05.548258,1/1/20,1/1/20,"Order(orderId=705, action='Buy', totalQuantity=1.0, orderType='MKT', account='DU1044803', conditions=[], softDollarTier=SoftDollarTier())"
705,Cancel Submitted,False,2020-03-04 03:45:05.548832,1/1/20,1/1/20,"Order(orderId=705, action='Buy', totalQuantity=1.0, orderType='MKT', account='DU1044803', conditions=[], softDollarTier=SoftDollarTier())"
777,Cancel Submitted,True,2020-03-04 07:15:04.014861,1/1/20,1/1/20,"Order(orderId=777, action='Sell', totalQuantity=2, orderType='STP', lmtPrice=0, auxPrice=3058.5, tif='GTC', parentId=776, faProfile='ccibb_day', conditions=[], softDollarTier=SoftDollarTier())"
779,Cancel Submitted,True,2020-03-04 07:15:04.106076,1/1/20,1/1/20,"Order(orderId=779, action='Sell', totalQuantity=2, orderType='STP', lmtPrice=0, auxPrice=3058.5, tif='GTC', parentId=778, faProfile='cci_day', conditions=[], softDollarTier=SoftDollarTier())"
800,Cancel Submitted,False,2020-03-04 08:15:06.815501,1/1/20,1/1/20,"Order(orderId=800, action='Sell', totalQuantity=1.0, orderType='MKT', account='DU1044803', conditions=[], softDollarTier=SoftDollarTier())"
800,Cancel Submitted,False,2020-03-04 08:15:06.822177,1/1/20,1/1/20,"Order(orderId=800, action='Sell', totalQuantity=1.0, orderType='MKT', account='DU1044803', conditions=[], softDollarTier=SoftDollarTier())"
801,Cancel Submitted,False,2020-03-04 08:15:06.871282,1/1/20,1/1/20,"Order(orderId=801, action='Sell', totalQuantity=1.0, orderType='MKT', account='DU1044804', conditions=[], softDollarTier=SoftDollarTier())"
801,Cancel Submitted,False,2020-03-04 08:15:06.873823,1/1/20,1/1/20,"Order(orderId=801, action='Sell', totalQuantity=1.0, orderType='MKT', account='DU1044804', conditions=[], softDollarTier=SoftDollarTier())"
162,Cancel Submitted,True,2020-03-04 16:00:05.660579,1/1/20,1/1/20,"Order(orderId=162, action='Sell', totalQuantity=2, orderType='STP', lmtPrice=0, auxPrice=3113.5, tif='GTC', parentId=161, faProfile='cci_day', conditions=[], softDollarTier=SoftDollarTier())"
62,Cancel Submitted,True,2020-03-05 09:45:04.768528,1/1/20,1/1/20,"Order(orderId=62, action='Sell', totalQuantity=2, orderType='STP', lmtPrice=0, auxPrice=3047.25, tif='GTC', parentId=61, faProfile='cci_day', conditions=[], softDollarTier=SoftDollarTier())"
109,Cancel Submitted,True,2020-03-05 12:00:04.017459,1/1/20,1/1/20,"Order(orderId=109, action='Buy', totalQuantity=2, orderType='STP', lmtPrice=0, auxPrice=3068.5, tif='GTC', parentId=108, faProfile='cci_day', conditions=[], softDollarTier=SoftDollarTier())"
21,Cancel Submitted,False,2020-03-05 13:45:04.664207,1/1/20,1/1/20,"Order(orderId=21, action='Buy', totalQuantity=1.0, orderType='MKT', account='DU1044803', conditions=[], softDollarTier=SoftDollarTier())"
21,Cancel Submitted,False,2020-03-05 13:45:04.669808,1/1/20,1/1/20,"Order(orderId=21, action='Buy', totalQuantity=1.0, orderType='MKT', account='DU1044803', conditions=[], softDollarTier=SoftDollarTier())"
23,Cancel Submitted,True,2020-03-05 13:45:04.753873,1/1/20,1/1/20,"Order(orderId=23, action='Sell', totalQuantity=2, orderType='STP', lmtPrice=0, auxPrice=3009.75, tif='GTC', parentId=22, faProfile='ccibb_day', conditions=[], softDollarTier=SoftDollarTier())"
105,Cancel Submitted,True,2020-03-06 04:15:04.283525,1/1/20,1/1/20,"Order(orderId=105, action='Sell', totalQuantity=2, orderType='STP', lmtPrice=0, auxPrice=2975.25, tif='GTC', parentId=104, faProfile='cci_day', conditions=[], softDollarTier=SoftDollarTier())"
111,Cancel Submitted,False,2020-03-06 04:30:05.914403,1/1/20,1/1/20,"Order(orderId=111, action='Sell', totalQuantity=1.0, orderType='MKT', account='DU1044803', conditions=[], softDollarTier=SoftDollarTier())"
111,Cancel Submitted,False,2020-03-06 04:30:05.916802,1/1/20,1/1/20,"Order(orderId=111, action='Sell', totalQuantity=1.0, orderType='MKT', account='DU1044803', conditions=[], softDollarTier=SoftDollarTier())"
22,Cancel Submitted,True,2020-03-09 17:15:04.682795,1/1/20,1/1/20,"Order(orderId=22, action='Buy', totalQuantity=2, orderType='STP', lmtPrice=0, auxPrice=2757.5, tif='GTC', parentId=21, faProfile='cci_day', conditions=[], softDollarTier=SoftDollarTier())"
29,Cancel Submitted,True,2020-03-09 17:30:04.440238,1/1/20,1/1/20,"Order(orderId=29, action='Buy', totalQuantity=2, orderType='STP', lmtPrice=0, auxPrice=2757.5, tif='GTC', parentId=28, faProfile='cci_day', conditions=[], softDollarTier=SoftDollarTier())"
36,Cancel Submitted,True,2020-03-09 17:45:03.923178,1/1/20,1/1/20,"Order(orderId=36, action='Buy', totalQuantity=2, orderType='STP', lmtPrice=0, auxPrice=2757.5, tif='GTC', parentId=35, faProfile='cci_day', conditions=[], softDollarTier=SoftDollarTier())"
62,Cancel Submitted,False,2020-03-09 19:00:08.274556,1/1/20,1/1/20,"Order(orderId=62, action='Buy', totalQuantity=3.0, orderType='MKT', account='DU1044803', conditions=[], softDollarTier=SoftDollarTier())"
62,Cancel Submitted,False,2020-03-09 19:00:08.275993,1/1/20,1/1/20,"Order(orderId=62, action='Buy', totalQuantity=3.0, orderType='MKT', account='DU1044803', conditions=[], softDollarTier=SoftDollarTier())"
119,Cancel Submitted,True,2020-03-10 03:15:03.932785,1/1/20,1/1/20,"Order(orderId=119, action='Buy', totalQuantity=2, orderType='STP', lmtPrice=0, auxPrice=2841.0, tif='GTC', parentId=118, faProfile='cci_day', conditions=[], softDollarTier=SoftDollarTier())"
150,Cancel Submitted,False,2020-03-10 04:45:05.678277,1/1/20,1/1/20,"Order(orderId=150, action='Buy', totalQuantity=1.0, orderType='MKT', account='DU1044803', conditions=[], softDollarTier=SoftDollarTier())"
150,Cancel Submitted,False,2020-03-10 04:45:05.679936,1/1/20,1/1/20,"Order(orderId=150, action='Buy', totalQuantity=1.0, orderType='MKT', account='DU1044803', conditions=[], softDollarTier=SoftDollarTier())"
302,Cancel Submitted,True,2020-03-10 12:15:04.687666,1/1/20,1/1/20,"Order(orderId=302, action='Sell', totalQuantity=2, orderType='STP', lmtPrice=0, auxPrice=2765.5, tif='GTC', parentId=301, faProfile='cci_day', conditions=[], softDollarTier=SoftDollarTier())"
429,Cancel Submitted,True,2020-03-10 18:30:04.933380,1/1/20,1/1/20,"Order(orderId=429, action='Buy', totalQuantity=2, orderType='STP', lmtPrice=0, auxPrice=2872.25, tif='GTC', parentId=428, faProfile='cci_day', conditions=[], softDollarTier=SoftDollarTier())"
480,Cancel Submitted,False,2020-03-11 09:30:16.061648,1/1/20,1/1/20,"Order(orderId=480, action='Buy', totalQuantity=1.0, orderType='MKT', account='DU1044803', conditions=[], softDollarTier=SoftDollarTier())"
480,Cancel Submitted,False,2020-03-11 09:30:16.063251,1/1/20,1/1/20,"Order(orderId=480, action='Buy', totalQuantity=1.0, orderType='MKT', account='DU1044803', conditions=[], softDollarTier=SoftDollarTier())"
597,Cancel Submitted,True,2020-03-11 15:15:05.122022,1/1/20,1/1/20,"Order(orderId=597, action='Buy', totalQuantity=2, orderType='STP', lmtPrice=0, auxPrice=2726.0, tif='GTC', parentId=596, faProfile='cci_day', conditions=[], softDollarTier=SoftDollarTier())"
604,Cancel Submitted,True,2020-03-11 15:30:04.261438,1/1/20,1/1/20,"Order(orderId=604, action='Buy', totalQuantity=2, orderType='STP', lmtPrice=0, auxPrice=2743.75, tif='GTC', parentId=603, faProfile='cci_day', conditions=[], softDollarTier=SoftDollarTier())"
72,Cancel Submitted,True,2020-03-12 09:30:29.197027,1/1/20,1/1/20,"Order(orderId=72, action='Buy', totalQuantity=2, orderType='STP', lmtPrice=0, auxPrice=2566.75, tif='GTC', parentId=71, faProfile='cci_day', conditions=[], softDollarTier=SoftDollarTier())"
79,Cancel Submitted,True,2020-03-12 09:45:04.876318,1/1/20,1/1/20,"Order(orderId=79, action='Buy', totalQuantity=2, orderType='STP', lmtPrice=0, auxPrice=2560.0, tif='GTC', parentId=78, faProfile='cci_day', conditions=[], softDollarTier=SoftDollarTier())"
356,Cancel Submitted,True,2020-03-12 23:30:04.081587,1/1/20,1/1/20,"Order(orderId=356, action='Buy', totalQuantity=2, orderType='STP', lmtPrice=0, auxPrice=2423.5, tif='GTC', parentId=355, faProfile='cci_day', conditions=[], softDollarTier=SoftDollarTier())"
367,Cancel Submitted,False,2020-03-13 00:16:46.725918,1/1/20,1/1/20,"Order(orderId=367, action='Buy', totalQuantity=1.0, orderType='MKT', account='DU1044803', conditions=[], softDollarTier=SoftDollarTier())"
367,Cancel Submitted,False,2020-03-13 00:16:46.727248,1/1/20,1/1/20,"Order(orderId=367, action='Buy', totalQuantity=1.0, orderType='MKT', account='DU1044803', conditions=[], softDollarTier=SoftDollarTier())"
42,Cancel Submitted,True,2020-03-13 04:30:04.254960,1/1/20,1/1/20,"Order(orderId=42, action='Buy', totalQuantity=2, orderType='STP', lmtPrice=0, auxPrice=2586.25, tif='GTC', parentId=41, faProfile='cci_day', conditions=[], softDollarTier=SoftDollarTier())"
98,Cancel Submitted,False,2020-03-13 07:15:05.088382,1/1/20,1/1/20,"Order(orderId=98, action='Buy', totalQuantity=1.0, orderType='MKT', account='DU1044803', conditions=[], softDollarTier=SoftDollarTier())"
98,Cancel Submitted,False,2020-03-13 07:15:05.090227,1/1/20,1/1/20,"Order(orderId=98, action='Buy', totalQuantity=1.0, orderType='MKT', account='DU1044803', conditions=[], softDollarTier=SoftDollarTier())"
100,Cancel Submitted,True,2020-03-13 07:15:05.174123,1/1/20,1/1/20,"Order(orderId=100, action='Sell', totalQuantity=2, orderType='STP', lmtPrice=0, auxPrice=2571.5, tif='GTC', parentId=99, faProfile='ccibb_day', conditions=[], softDollarTier=SoftDollarTier())"
106,Cancel Submitted,False,2020-03-13 07:30:06.193206,1/1/20,1/1/20,"Order(orderId=106, action='Buy', totalQuantity=1.0, orderType='MKT', account='DU1044803', conditions=[], softDollarTier=SoftDollarTier())"
106,Cancel Submitted,False,2020-03-13 07:30:06.197085,1/1/20,1/1/20,"Order(orderId=106, action='Buy', totalQuantity=1.0, orderType='MKT', account='DU1044803', conditions=[], softDollarTier=SoftDollarTier())"
112,Cancel Submitted,False,2020-03-13 07:45:05.359136,1/1/20,1/1/20,"Order(orderId=112, action='Buy', totalQuantity=1.0, orderType='MKT', account='DU1044803', conditions=[], softDollarTier=SoftDollarTier())"
112,Cancel Submitted,False,2020-03-13 07:45:05.360159,1/1/20,1/1/20,"Order(orderId=112, action='Buy', totalQuantity=1.0, orderType='MKT', account='DU1044803', conditions=[], softDollarTier=SoftDollarTier())"
118,Cancel Submitted,False,2020-03-13 08:00:05.541748,1/1/20,1/1/20,"Order(orderId=118, action='Buy', totalQuantity=1.0, orderType='MKT', account='DU1044803', conditions=[], softDollarTier=SoftDollarTier())"
118,Cancel Submitted,False,2020-03-13 08:00:05.542408,1/1/20,1/1/20,"Order(orderId=118, action='Buy', totalQuantity=1.0, orderType='MKT', account='DU1044803', conditions=[], softDollarTier=SoftDollarTier())"
124,Cancel Submitted,False,2020-03-13 08:15:04.660946,1/1/20,1/1/20,"Order(orderId=124, action='Buy', totalQuantity=1.0, orderType='MKT', account='DU1044803', conditions=[], softDollarTier=SoftDollarTier())"
124,Cancel Submitted,False,2020-03-13 08:15:04.662203,1/1/20,1/1/20,"Order(orderId=124, action='Buy', totalQuantity=1.0, orderType='MKT', account='DU1044803', conditions=[], softDollarTier=SoftDollarTier())"
130,Cancel Submitted,False,2020-03-13 08:30:05.630028,1/1/20,1/1/20,"Order(orderId=130, action='Buy', totalQuantity=1.0, orderType='MKT', account='DU1044803', conditions=[], softDollarTier=SoftDollarTier())"
130,Cancel Submitted,False,2020-03-13 08:30:05.632717,1/1/20,1/1/20,"Order(orderId=130, action='Buy', totalQuantity=1.0, orderType='MKT', account='DU1044803', conditions=[], softDollarTier=SoftDollarTier())"
157,Cancel Submitted,True,2020-03-13 09:30:21.282349,1/1/20,1/1/20,"Order(orderId=157, action='Sell', totalQuantity=2, orderType='STP', lmtPrice=0, auxPrice=2605.5, tif='GTC', parentId=156, faProfile='cci_day', conditions=[], softDollarTier=SoftDollarTier())"
27,Cancel Submitted,True,2020-03-15 18:15:05.114705,1/1/20,1/1/20,"Order(orderId=27, action='Buy', totalQuantity=2, orderType='STP', lmtPrice=0, auxPrice=2611.25, tif='GTC', parentId=26, faProfile='cci_day', conditions=[], softDollarTier=SoftDollarTier())"
43,Cancel Submitted,False,2020-03-16 10:30:06.406095,1/1/20,1/1/20,"Order(orderId=43, action='Buy', totalQuantity=1.0, orderType='MKT', account='DU1044803', conditions=[], softDollarTier=SoftDollarTier())"
43,Cancel Submitted,False,2020-03-16 10:30:06.408847,1/1/20,1/1/20,"Order(orderId=43, action='Buy', totalQuantity=1.0, orderType='MKT', account='DU1044803', conditions=[], softDollarTier=SoftDollarTier())"
210,Cancel Submitted,True,2020-03-17 09:00:04.790531,1/1/20,1/1/20,"Order(orderId=210, action='Sell', totalQuantity=2, orderType='STP', lmtPrice=0, auxPrice=2410.75, tif='GTC', parentId=209, faProfile='cci_day', conditions=[], softDollarTier=SoftDollarTier())"
232,Cancel Submitted,True,2020-03-17 10:30:04.359255,1/1/20,1/1/20,"Order(orderId=232, action='Sell', totalQuantity=2, orderType='STP', lmtPrice=0, auxPrice=2385.5, tif='GTC', parentId=231, faProfile='cci_day', conditions=[], softDollarTier=SoftDollarTier())"
283,Cancel Submitted,False,2020-03-17 13:00:05.860000,1/1/20,1/1/20,"Order(orderId=283, action='Sell', totalQuantity=1.0, orderType='MKT', account='DU1044803', conditions=[], softDollarTier=SoftDollarTier())"
283,Cancel Submitted,False,2020-03-17 13:00:05.860953,1/1/20,1/1/20,"Order(orderId=283, action='Sell', totalQuantity=1.0, orderType='MKT', account='DU1044803', conditions=[], softDollarTier=SoftDollarTier())"
295,Cancel Submitted,True,2020-03-19 01:17:06.327927,1/1/20,1/1/20,"Order(orderId=295, action='Sell', totalQuantity=2, orderType='STP', lmtPrice=0, auxPrice=2293.25, tif='GTC', parentId=294, faProfile='ccibb_day', conditions=[], softDollarTier=SoftDollarTier())"
297,Cancel Submitted,True,2020-03-19 01:17:06.406516,1/1/20,1/1/20,"Order(orderId=297, action='Sell', totalQuantity=2, orderType='STP', lmtPrice=0, auxPrice=2293.25, tif='GTC', parentId=296, faProfile='cci_day', conditions=[], softDollarTier=SoftDollarTier())"
398,Cancel Submitted,False,2020-03-19 06:15:06.647629,1/1/20,1/1/20,"Order(orderId=398, action='Sell', totalQuantity=1.0, orderType='MKT', account='DU1044803', conditions=[], softDollarTier=SoftDollarTier())"
398,Cancel Submitted,False,2020-03-19 06:15:06.649187,1/1/20,1/1/20,"Order(orderId=398, action='Sell', totalQuantity=1.0, orderType='MKT', account='DU1044803', conditions=[], softDollarTier=SoftDollarTier())"
399,Cancel Submitted,False,2020-03-19 06:15:06.685177,1/1/20,1/1/20,"Order(orderId=399, action='Sell', totalQuantity=1.0, orderType='MKT', account='DU1044804', conditions=[], softDollarTier=SoftDollarTier())"
399,Cancel Submitted,False,2020-03-19 06:15:06.686310,1/1/20,1/1/20,"Order(orderId=399, action='Sell', totalQuantity=1.0, orderType='MKT', account='DU1044804', conditions=[], softDollarTier=SoftDollarTier())"
471,Cancel Submitted,True,2020-03-19 09:45:04.418755,1/1/20,1/1/20,"Order(orderId=471, action='Buy', totalQuantity=2, orderType='STP', lmtPrice=0, auxPrice=2342.0, tif='GTC', parentId=470, faProfile='cci_day', conditions=[], softDollarTier=SoftDollarTier())"
583,Cancel Submitted,True,2020-03-19 15:15:04.925119,1/1/20,1/1/20,"Order(orderId=583, action='Buy', totalQuantity=2, orderType='STP', lmtPrice=0, auxPrice=2440.25, tif='GTC', parentId=582, faProfile='cci_day', conditions=[], softDollarTier=SoftDollarTier())"
679,Cancel Submitted,False,2020-03-19 20:00:06.192959,1/1/20,1/1/20,"Order(orderId=679, action='Buy', totalQuantity=1.0, orderType='MKT', account='DU1044803', conditions=[], softDollarTier=SoftDollarTier())"
679,Cancel Submitted,False,2020-03-19 20:00:06.194513,1/1/20,1/1/20,"Order(orderId=679, action='Buy', totalQuantity=1.0, orderType='MKT', account='DU1044803', conditions=[], softDollarTier=SoftDollarTier())"
756,Cancel Submitted,True,2020-03-20 04:15:04.744651,1/1/20,1/1/20,"Order(orderId=756, action='Sell', totalQuantity=2, orderType='STP', lmtPrice=0, auxPrice=2476.75, tif='GTC', parentId=755, faProfile='cci_day', conditions=[], softDollarTier=SoftDollarTier())"
762,Cancel Submitted,False,2020-03-20 04:30:06.962010,1/1/20,1/1/20,"Order(orderId=762, action='Sell', totalQuantity=1.0, orderType='MKT', account='DU1044803', conditions=[], softDollarTier=SoftDollarTier())"
762,Cancel Submitted,False,2020-03-20 04:30:06.962706,1/1/20,1/1/20,"Order(orderId=762, action='Sell', totalQuantity=1.0, orderType='MKT', account='DU1044803', conditions=[], softDollarTier=SoftDollarTier())"
60,Cancel Submitted,True,2020-03-23 08:15:04.109078,1/1/20,1/1/20,"Order(orderId=60, action='Sell', totalQuantity=2, orderType='STP', lmtPrice=0, auxPrice=2283.5, tif='GTC', parentId=59, faProfile='cci_day', conditions=[], softDollarTier=SoftDollarTier())"
152,Cancel Submitted,True,2020-03-23 12:45:03.966954,1/1/20,1/1/20,"Order(orderId=152, action='Sell', totalQuantity=2, orderType='STP', lmtPrice=0, auxPrice=2214.0, tif='GTC', parentId=151, faProfile='ccibb_day', conditions=[], softDollarTier=SoftDollarTier())"
154,Cancel Submitted,True,2020-03-23 12:45:04.015774,1/1/20,1/1/20,"Order(orderId=154, action='Sell', totalQuantity=2, orderType='STP', lmtPrice=0, auxPrice=2214.0, tif='GTC', parentId=153, faProfile='cci_day', conditions=[], softDollarTier=SoftDollarTier())"
181,Cancel Submitted,True,2020-03-23 14:00:04.942311,1/1/20,1/1/20,"Order(orderId=181, action='Buy', totalQuantity=2, orderType='STP', lmtPrice=0, auxPrice=2260.75, tif='GTC', parentId=180, faProfile='cci_day', conditions=[], softDollarTier=SoftDollarTier())"
197,Cancel Submitted,False,2020-03-23 16:00:07.245902,1/1/20,1/1/20,"Order(orderId=197, action='Buy', totalQuantity=1.0, orderType='MKT', account='DU1044803', conditions=[], softDollarTier=SoftDollarTier())"
197,Cancel Submitted,False,2020-03-23 16:00:07.247534,1/1/20,1/1/20,"Order(orderId=197, action='Buy', totalQuantity=1.0, orderType='MKT', account='DU1044803', conditions=[], softDollarTier=SoftDollarTier())"
175,Cancel Submitted,True,2020-03-25 10:15:05.307955,1/1/20,1/1/20,"Order(orderId=175, action='Buy', totalQuantity=2, orderType='STP', lmtPrice=0, auxPrice=2424.25, tif='GTC', parentId=174, faProfile='ccibb_day', conditions=[], softDollarTier=SoftDollarTier())"
177,Cancel Submitted,True,2020-03-25 10:15:05.354083,1/1/20,1/1/20,"Order(orderId=177, action='Buy', totalQuantity=2, orderType='STP', lmtPrice=0, auxPrice=2424.25, tif='GTC', parentId=176, faProfile='cci_day', conditions=[], softDollarTier=SoftDollarTier())"
214,Cancel Submitted,True,2020-03-26 02:15:04.021008,1/1/20,1/1/20,"Order(orderId=214, action='Buy', totalQuantity=2, orderType='STP', lmtPrice=0, auxPrice=2452.75, tif='GTC', parentId=213, faProfile='ccibb_day', conditions=[], softDollarTier=SoftDollarTier())"
216,Cancel Submitted,True,2020-03-26 02:15:04.113311,1/1/20,1/1/20,"Order(orderId=216, action='Buy', totalQuantity=2, orderType='STP', lmtPrice=0, auxPrice=2452.75, tif='GTC', parentId=215, faProfile='cci_day', conditions=[], softDollarTier=SoftDollarTier())"
272,Cancel Submitted,False,2020-03-26 05:00:06.949636,1/1/20,1/1/20,"Order(orderId=272, action='Buy', totalQuantity=1.0, orderType='MKT', account='DU1044804', conditions=[], softDollarTier=SoftDollarTier())"
272,Cancel Submitted,False,2020-03-26 05:00:06.950770,1/1/20,1/1/20,"Order(orderId=272, action='Buy', totalQuantity=1.0, orderType='MKT', account='DU1044804', conditions=[], softDollarTier=SoftDollarTier())"
273,Cancel Submitted,False,2020-03-26 05:00:06.997218,1/1/20,1/1/20,"Order(orderId=273, action='Buy', totalQuantity=1.0, orderType='MKT', account='DU1044803', conditions=[], softDollarTier=SoftDollarTier())"
273,Cancel Submitted,False,2020-03-26 05:00:06.998188,1/1/20,1/1/20,"Order(orderId=273, action='Buy', totalQuantity=1.0, orderType='MKT', account='DU1044803', conditions=[], softDollarTier=SoftDollarTier())"
335,Cancel Submitted,True,2020-03-26 08:00:04.246157,1/1/20,1/1/20,"Order(orderId=335, action='Buy', totalQuantity=2, orderType='STP', lmtPrice=0, auxPrice=2433.5, tif='GTC', parentId=334, faProfile='cci_day', conditions=[], softDollarTier=SoftDollarTier())"
356,Cancel Submitted,False,2020-03-26 09:00:05.994275,1/1/20,1/1/20,"Order(orderId=356, action='Buy', totalQuantity=1.0, orderType='MKT', account='DU1044803', conditions=[], softDollarTier=SoftDollarTier())"
356,Cancel Submitted,False,2020-03-26 09:00:05.996430,1/1/20,1/1/20,"Order(orderId=356, action='Buy', totalQuantity=1.0, orderType='MKT', account='DU1044803', conditions=[], softDollarTier=SoftDollarTier())"
393,Cancel Submitted,True,2020-03-26 10:45:04.934667,1/1/20,1/1/20,"Order(orderId=393, action='Buy', totalQuantity=2, orderType='STP', lmtPrice=0, auxPrice=2580.75, tif='GTC', parentId=392, faProfile='ccibb_day', conditions=[], softDollarTier=SoftDollarTier())"
395,Cancel Submitted,True,2020-03-26 10:45:05.020212,1/1/20,1/1/20,"Order(orderId=395, action='Buy', totalQuantity=2, orderType='STP', lmtPrice=0, auxPrice=2580.75, tif='GTC', parentId=394, faProfile='cci_day', conditions=[], softDollarTier=SoftDollarTier())"
175,Cancel Submitted,True,2020-03-27 07:15:05.266310,1/1/20,1/1/20,"Order(orderId=175, action='Sell', totalQuantity=2, orderType='STP', lmtPrice=0, auxPrice=2540.0, tif='GTC', parentId=174, faProfile='ccibb_day', conditions=[], softDollarTier=SoftDollarTier())"
177,Cancel Submitted,True,2020-03-27 07:15:05.302978,1/1/20,1/1/20,"Order(orderId=177, action='Sell', totalQuantity=2, orderType='STP', lmtPrice=0, auxPrice=2540.0, tif='GTC', parentId=176, faProfile='cci_day', conditions=[], softDollarTier=SoftDollarTier())"
193,Cancel Submitted,False,2020-03-27 08:00:06.406273,1/1/20,1/1/20,"Order(orderId=193, action='Sell', totalQuantity=1.0, orderType='MKT', account='DU1044804', conditions=[], softDollarTier=SoftDollarTier())"
193,Cancel Submitted,False,2020-03-27 08:00:06.407707,1/1/20,1/1/20,"Order(orderId=193, action='Sell', totalQuantity=1.0, orderType='MKT', account='DU1044804', conditions=[], softDollarTier=SoftDollarTier())"
194,Cancel Submitted,False,2020-03-27 08:00:06.444232,1/1/20,1/1/20,"Order(orderId=194, action='Sell', totalQuantity=1.0, orderType='MKT', account='DU1044803', conditions=[], softDollarTier=SoftDollarTier())"
194,Cancel Submitted,False,2020-03-27 08:00:06.446275,1/1/20,1/1/20,"Order(orderId=194, action='Sell', totalQuantity=1.0, orderType='MKT', account='DU1044803', conditions=[], softDollarTier=SoftDollarTier())"
120,Cancel Submitted,True,2020-03-29 19:30:04.742561,1/1/20,1/1/20,"Order(orderId=120, action='Sell', totalQuantity=2, orderType='STP', lmtPrice=0, auxPrice=2460.5, tif='GTC', parentId=119, faProfile='ccibb_day', conditions=[], softDollarTier=SoftDollarTier())"
161,Cancel Submitted,False,2020-03-30 02:30:06.181398,1/1/20,1/1/20,"Order(orderId=161, action='Sell', totalQuantity=1.0, orderType='MKT', account='DU1044804', conditions=[], softDollarTier=SoftDollarTier())"
161,Cancel Submitted,False,2020-03-30 02:30:06.183505,1/1/20,1/1/20,"Order(orderId=161, action='Sell', totalQuantity=1.0, orderType='MKT', account='DU1044804', conditions=[], softDollarTier=SoftDollarTier())"
318,Cancel Submitted,True,2020-03-30 10:15:04.387652,1/1/20,1/1/20,"Order(orderId=318, action='Sell', totalQuantity=2, orderType='STP', lmtPrice=0, auxPrice=2546.0, tif='GTC', parentId=317, faProfile='ccibb_day', conditions=[], softDollarTier=SoftDollarTier())"
320,Cancel Submitted,True,2020-03-30 10:15:04.469040,1/1/20,1/1/20,"Order(orderId=320, action='Sell', totalQuantity=2, orderType='STP', lmtPrice=0, auxPrice=2546.0, tif='GTC', parentId=319, faProfile='cci_day', conditions=[], softDollarTier=SoftDollarTier())"
356,Cancel Submitted,False,2020-03-30 12:00:07.101128,1/1/20,1/1/20,"Order(orderId=356, action='Sell', totalQuantity=1.0, orderType='MKT', account='DU1044804', conditions=[], softDollarTier=SoftDollarTier())"
356,Cancel Submitted,False,2020-03-30 12:00:07.103722,1/1/20,1/1/20,"Order(orderId=356, action='Sell', totalQuantity=1.0, orderType='MKT', account='DU1044804', conditions=[], softDollarTier=SoftDollarTier())"
357,Cancel Submitted,False,2020-03-30 12:00:07.140872,1/1/20,1/1/20,"Order(orderId=357, action='Sell', totalQuantity=1.0, orderType='MKT', account='DU1044803', conditions=[], softDollarTier=SoftDollarTier())"
357,Cancel Submitted,False,2020-03-30 12:00:07.142971,1/1/20,1/1/20,"Order(orderId=357, action='Sell', totalQuantity=1.0, orderType='MKT', account='DU1044803', conditions=[], softDollarTier=SoftDollarTier())"
359,Cancel Submitted,True,2020-03-30 12:00:07.272428,1/1/20,1/1/20,"Order(orderId=359, action='Buy', totalQuantity=2, orderType='STP', lmtPrice=0, auxPrice=2604.25, tif='GTC', parentId=358, faProfile='cci_day', conditions=[], softDollarTier=SoftDollarTier())"
471,Cancel Submitted,True,2020-03-31 06:00:04.716263,1/1/20,1/1/20,"Order(orderId=471, action='Buy', totalQuantity=2, orderType='STP', lmtPrice=0, auxPrice=2635.0, tif='GTC', parentId=470, faProfile='ccibb_day', conditions=[], softDollarTier=SoftDollarTier())"
473,Cancel Submitted,True,2020-03-31 06:00:04.819277,1/1/20,1/1/20,"Order(orderId=473, action='Buy', totalQuantity=2, orderType='STP', lmtPrice=0, auxPrice=2635.0, tif='GTC', parentId=472, faProfile='cci_day', conditions=[], softDollarTier=SoftDollarTier())"
539,Cancel Submitted,False,2020-03-31 09:15:06.026034,1/1/20,1/1/20,"Order(orderId=539, action='Buy', totalQuantity=1.0, orderType='MKT', account='DU1044804', conditions=[], softDollarTier=SoftDollarTier())"
539,Cancel Submitted,False,2020-03-31 09:15:06.028005,1/1/20,1/1/20,"Order(orderId=539, action='Buy', totalQuantity=1.0, orderType='MKT', account='DU1044804', conditions=[], softDollarTier=SoftDollarTier())"
540,Cancel Submitted,False,2020-03-31 09:15:06.063688,1/1/20,1/1/20,"Order(orderId=540, action='Buy', totalQuantity=1.0, orderType='MKT', account='DU1044803', conditions=[], softDollarTier=SoftDollarTier())"
540,Cancel Submitted,False,2020-03-31 09:15:06.072742,1/1/20,1/1/20,"Order(orderId=540, action='Buy', totalQuantity=1.0, orderType='MKT', account='DU1044803', conditions=[], softDollarTier=SoftDollarTier())"
637,Cancel Submitted,True,2020-03-31 15:15:04.200800,1/1/20,1/1/20,"Order(orderId=637, action='Buy', totalQuantity=2, orderType='STP', lmtPrice=0, auxPrice=2590.5, tif='GTC', parentId=636, faProfile='ccibb_day', conditions=[], softDollarTier=SoftDollarTier())"
639,Cancel Submitted,True,2020-03-31 15:15:04.297372,1/1/20,1/1/20,"Order(orderId=639, action='Buy', totalQuantity=2, orderType='STP', lmtPrice=0, auxPrice=2590.5, tif='GTC', parentId=638, faProfile='cci_day', conditions=[], softDollarTier=SoftDollarTier())"
720,Cancel Submitted,False,2020-03-31 19:15:07.083494,1/1/20,1/1/20,"Order(orderId=720, action='Buy', totalQuantity=1.0, orderType='MKT', account='DU1044804', conditions=[], softDollarTier=SoftDollarTier())"
720,Cancel Submitted,False,2020-03-31 19:15:07.086091,1/1/20,1/1/20,"Order(orderId=720, action='Buy', totalQuantity=1.0, orderType='MKT', account='DU1044804', conditions=[], softDollarTier=SoftDollarTier())"
721,Cancel Submitted,False,2020-03-31 19:15:07.135087,1/1/20,1/1/20,"Order(orderId=721, action='Buy', totalQuantity=1.0, orderType='MKT', account='DU1044803', conditions=[], softDollarTier=SoftDollarTier())"
721,Cancel Submitted,False,2020-03-31 19:15:07.136999,1/1/20,1/1/20,"Order(orderId=721, action='Buy', totalQuantity=1.0, orderType='MKT', account='DU1044803', conditions=[], softDollarTier=SoftDollarTier())"
723,Cancel Submitted,True,2020-03-31 19:15:07.248539,1/1/20,1/1/20,"Order(orderId=723, action='Sell', totalQuantity=2, orderType='STP', lmtPrice=0, auxPrice=2529.25, tif='GTC', parentId=722, faProfile='ccibb_day', conditions=[], softDollarTier=SoftDollarTier())"
734,Cancel Submitted,False,2020-04-01 00:08:27.540312,1/1/20,1/1/20,"Order(orderId=734, action='Sell', totalQuantity=1.0, orderType='MKT', account='DU1044804', conditions=[], softDollarTier=SoftDollarTier())"
734,Cancel Submitted,False,2020-04-01 00:08:27.541543,1/1/20,1/1/20,"Order(orderId=734, action='Sell', totalQuantity=1.0, orderType='MKT', account='DU1044804', conditions=[], softDollarTier=SoftDollarTier())"
911,Cancel Submitted,True,2020-04-01 09:45:04.513764,1/1/20,1/1/20,"Order(orderId=911, action='Sell', totalQuantity=2, orderType='STP', lmtPrice=0, auxPrice=2476.0, tif='GTC', parentId=910, faProfile='cci_day', conditions=[], softDollarTier=SoftDollarTier())"
952,Cancel Submitted,False,2020-04-01 11:45:06.233516,1/1/20,1/1/20,"Order(orderId=952, action='Sell', totalQuantity=1.0, orderType='MKT', account='DU1044803', conditions=[], softDollarTier=SoftDollarTier())"
952,Cancel Submitted,False,2020-04-01 11:45:06.234437,1/1/20,1/1/20,"Order(orderId=952, action='Sell', totalQuantity=1.0, orderType='MKT', account='DU1044803', conditions=[], softDollarTier=SoftDollarTier())"
1134,Cancel Submitted,True,2020-04-02 10:00:05.269131,1/1/20,1/1/20,"Order(orderId=1134, action='Sell', totalQuantity=2, orderType='STP', lmtPrice=0, auxPrice=2445.75, tif='GTC', parentId=1133, faProfile='ccibb_day', conditions=[], softDollarTier=SoftDollarTier())"
1136,Cancel Submitted,True,2020-04-02 10:00:05.368836,1/1/20,1/1/20,"Order(orderId=1136, action='Sell', totalQuantity=2, orderType='STP', lmtPrice=0, auxPrice=2445.75, tif='GTC', parentId=1135, faProfile='cci_day', conditions=[], softDollarTier=SoftDollarTier())"
1197,Cancel Submitted,False,2020-04-02 13:15:06.883565,1/1/20,1/1/20,"Order(orderId=1197, action='Sell', totalQuantity=1.0, orderType='MKT', account='DU1044804', conditions=[], softDollarTier=SoftDollarTier())"
1197,Cancel Submitted,False,2020-04-02 13:15:06.885907,1/1/20,1/1/20,"Order(orderId=1197, action='Sell', totalQuantity=1.0, orderType='MKT', account='DU1044804', conditions=[], softDollarTier=SoftDollarTier())"
1198,Cancel Submitted,False,2020-04-02 13:15:06.936308,1/1/20,1/1/20,"Order(orderId=1198, action='Sell', totalQuantity=1.0, orderType='MKT', account='DU1044803', conditions=[], softDollarTier=SoftDollarTier())"
1198,Cancel Submitted,False,2020-04-02 13:15:06.941474,1/1/20,1/1/20,"Order(orderId=1198, action='Sell', totalQuantity=1.0, orderType='MKT', account='DU1044803', conditions=[], softDollarTier=SoftDollarTier())"
1235,Cancel Submitted,True,2020-04-02 15:00:04.676824,1/1/20,1/1/20,"Order(orderId=1235, action='Sell', totalQuantity=2, orderType='STP', lmtPrice=0, auxPrice=2472.25, tif='GTC', parentId=1234, faProfile='cci_day', conditions=[], softDollarTier=SoftDollarTier())"
1251,Cancel Submitted,False,2020-04-02 18:45:06.060536,1/1/20,1/1/20,"Order(orderId=1251, action='Sell', totalQuantity=1.0, orderType='MKT', account='DU1044803', conditions=[], softDollarTier=SoftDollarTier())"
1251,Cancel Submitted,False,2020-04-02 18:45:06.061967,1/1/20,1/1/20,"Order(orderId=1251, action='Sell', totalQuantity=1.0, orderType='MKT', account='DU1044803', conditions=[], softDollarTier=SoftDollarTier())"
90,Cancel Submitted,True,2020-04-03 10:30:04.336547,1/1/20,1/1/20,"Order(orderId=90, action='Buy', totalQuantity=2, orderType='STP', lmtPrice=0, auxPrice=2513.25, tif='GTC', parentId=89, faProfile='cci_day', conditions=[], softDollarTier=SoftDollarTier())"
101,Cancel Submitted,False,2020-04-05 17:23:45.910904,1/1/20,1/1/20,"Order(orderId=101, action='Buy', totalQuantity=1.0, orderType='MKT', account='DU1044803', conditions=[], softDollarTier=SoftDollarTier())"
101,Cancel Submitted,False,2020-04-05 17:23:45.913691,1/1/20,1/1/20,"Order(orderId=101, action='Buy', totalQuantity=1.0, orderType='MKT', account='DU1044803', conditions=[], softDollarTier=SoftDollarTier())"
107,Cancel Submitted,False,2020-04-05 17:45:35.091302,1/1/20,1/1/20,"Order(orderId=107, action='Buy', totalQuantity=1.0, orderType='MKT', account='DU1044803', conditions=[], softDollarTier=SoftDollarTier())"
107,Cancel Submitted,False,2020-04-05 17:45:35.092358,1/1/20,1/1/20,"Order(orderId=107, action='Buy', totalQuantity=1.0, orderType='MKT', account='DU1044803', conditions=[], softDollarTier=SoftDollarTier())"
134,Cancel Submitted,True,2020-04-06 09:00:05.678053,1/1/20,1/1/20,"Order(orderId=134, action='Sell', totalQuantity=2, orderType='STP', lmtPrice=0, auxPrice=2568.25, tif='GTC', parentId=133, faProfile='cci_day', conditions=[], softDollarTier=SoftDollarTier())"
281,Cancel Submitted,True,2020-04-07 15:45:04.057969,1/1/20,1/1/20,"Order(orderId=281, action='Sell', totalQuantity=2, orderType='STP', lmtPrice=0, auxPrice=2660.0, tif='GTC', parentId=280, faProfile='cci_day', conditions=[], softDollarTier=SoftDollarTier())"
55,Cancel Submitted,True,2020-04-09 00:38:25.552167,1/1/20,1/1/20,"Order(orderId=55, action='Sell', totalQuantity=2, orderType='STP', lmtPrice=0, auxPrice=2729.75, tif='GTC', parentId=54, faProfile='cci_day', conditions=[], softDollarTier=SoftDollarTier())"
66,Cancel Submitted,False,2020-04-09 07:50:50.471030,1/1/20,1/1/20,"Order(orderId=66, action='Sell', totalQuantity=1.0, orderType='MKT', account='DU1044803', conditions=[], softDollarTier=SoftDollarTier())"
66,Cancel Submitted,False,2020-04-09 07:50:50.472522,1/1/20,1/1/20,"Order(orderId=66, action='Sell', totalQuantity=1.0, orderType='MKT', account='DU1044803', conditions=[], softDollarTier=SoftDollarTier())"
118,Cancel Submitted,True,2020-04-12 20:00:04.831371,1/1/20,1/1/20,"Order(orderId=118, action='Sell', totalQuantity=2, orderType='STP', lmtPrice=0, auxPrice=2727.25, tif='GTC', parentId=117, faProfile='cci_day', conditions=[], softDollarTier=SoftDollarTier())"
129,Cancel Submitted,False,2020-04-13 08:46:57.073886,1/1/20,1/1/20,"Order(orderId=129, action='Sell', totalQuantity=1.0, orderType='MKT', account='DU1044803', conditions=[], softDollarTier=SoftDollarTier())"
129,Cancel Submitted,False,2020-04-13 08:46:57.075568,1/1/20,1/1/20,"Order(orderId=129, action='Sell', totalQuantity=1.0, orderType='MKT', account='DU1044803', conditions=[], softDollarTier=SoftDollarTier())"
54,Cancel Submitted,False,2020-04-15 08:48:26.920549,1/1/20,1/1/20,"Order(orderId=54, action='Sell', totalQuantity=1.0, orderType='MKT', account='DU1044804', conditions=[], softDollarTier=SoftDollarTier())"
54,Cancel Submitted,False,2020-04-15 08:48:26.928369,1/1/20,1/1/20,"Order(orderId=54, action='Sell', totalQuantity=1.0, orderType='MKT', account='DU1044804', conditions=[], softDollarTier=SoftDollarTier())"
71,Cancel Submitted,True,2020-04-15 09:30:49.311571,1/1/20,1/1/20,"Order(orderId=71, action='Sell', totalQuantity=2, orderType='STP', lmtPrice=0, auxPrice=2766.5, tif='GTC', parentId=70, faProfile='cci_day', conditions=[], softDollarTier=SoftDollarTier())"
54,Cancel Submitted,False,2020-04-15 09:59:39.878921,1/1/20,1/1/20,"Order(orderId=54, action='Buy', totalQuantity=1.0, orderType='MKT', account='DU1044804', conditions=[], softDollarTier=SoftDollarTier())"
54,Cancel Submitted,False,2020-04-15 09:59:39.881223,1/1/20,1/1/20,"Order(orderId=54, action='Buy', totalQuantity=1.0, orderType='MKT', account='DU1044804', conditions=[], softDollarTier=SoftDollarTier())"
66,Cancel Submitted,True,2020-04-15 10:15:05.337863,1/1/20,1/1/20,"Order(orderId=66, action='Sell', totalQuantity=2, orderType='STP', lmtPrice=0, auxPrice=2754.0, tif='GTC', parentId=65, faProfile='cci_day', conditions=[], softDollarTier=SoftDollarTier())"
88,Cancel Submitted,True,2020-04-15 11:00:03.953510,1/1/20,1/1/20,"Order(orderId=88, action='Sell', totalQuantity=2, orderType='STP', lmtPrice=0, auxPrice=2754.5, tif='GTC', parentId=87, faProfile='cci_day', conditions=[], softDollarTier=SoftDollarTier())"
180,Cancel Submitted,True,2020-04-15 15:45:04.572143,1/1/20,1/1/20,"Order(orderId=180, action='Buy', totalQuantity=2, orderType='STP', lmtPrice=0, auxPrice=2786.25, tif='GTC', parentId=179, faProfile='cci_day', conditions=[], softDollarTier=SoftDollarTier())"
276,Cancel Submitted,False,2020-04-15 20:15:05.525984,1/1/20,1/1/20,"Order(orderId=276, action='Buy', totalQuantity=1.0, orderType='MKT', account='DU1044803', conditions=[], softDollarTier=SoftDollarTier())"
276,Cancel Submitted,False,2020-04-15 20:15:05.526583,1/1/20,1/1/20,"Order(orderId=276, action='Buy', totalQuantity=1.0, orderType='MKT', account='DU1044803', conditions=[], softDollarTier=SoftDollarTier())"
278,Cancel Submitted,True,2020-04-15 20:15:05.606301,1/1/20,1/1/20,"Order(orderId=278, action='Sell', totalQuantity=2, orderType='STP', lmtPrice=0, auxPrice=2754.5, tif='GTC', parentId=277, faProfile='cci_day', conditions=[], softDollarTier=SoftDollarTier())"
289,Cancel Submitted,False,2020-04-15 20:45:05.456469,1/1/20,1/1/20,"Order(orderId=289, action='Sell', totalQuantity=1.0, orderType='MKT', account='DU1044803', conditions=[], softDollarTier=SoftDollarTier())"
289,Cancel Submitted,False,2020-04-15 20:45:05.459168,1/1/20,1/1/20,"Order(orderId=289, action='Sell', totalQuantity=1.0, orderType='MKT', account='DU1044803', conditions=[], softDollarTier=SoftDollarTier())"
72,Cancel Submitted,True,2020-04-20 07:45:04.389011,1/1/20,1/1/20,"Order(orderId=72, action='Sell', totalQuantity=2, orderType='STP', lmtPrice=0, auxPrice=2810.5, tif='GTC', parentId=71, faProfile='cci_day', conditions=[], softDollarTier=SoftDollarTier())"
55,Cancel Submitted,True,2020-04-23 00:08:24.816620,1/1/20,1/1/20,"Order(orderId=55, action='Sell', totalQuantity=2, orderType='STP', lmtPrice=0, auxPrice=2772.25, tif='GTC', parentId=54, faProfile='cci_day', conditions=[], softDollarTier=SoftDollarTier())"
126,Cancel Submitted,False,2020-04-23 03:30:05.849497,1/1/20,1/1/20,"Order(orderId=126, action='Sell', totalQuantity=1.0, orderType='MKT', account='DU1044803', conditions=[], softDollarTier=SoftDollarTier())"
126,Cancel Submitted,False,2020-04-23 03:30:05.851713,1/1/20,1/1/20,"Order(orderId=126, action='Sell', totalQuantity=1.0, orderType='MKT', account='DU1044803', conditions=[], softDollarTier=SoftDollarTier())"
102,Cancel Submitted,True,2020-04-27 16:00:04.939553,1/1/20,1/1/20,"Order(orderId=102, action='Buy', totalQuantity=2, orderType='STP', lmtPrice=0, auxPrice=2875.25, tif='GTC', parentId=101, faProfile='cci_day', conditions=[], softDollarTier=SoftDollarTier())"
196,Cancel Submitted,False,2020-04-27 19:30:05.075168,1/1/20,1/1/20,"Order(orderId=196, action='Buy', totalQuantity=1.0, orderType='MKT', account='DU1044803', conditions=[], softDollarTier=SoftDollarTier())"
196,Cancel Submitted,False,2020-04-27 19:30:05.077478,1/1/20,1/1/20,"Order(orderId=196, action='Buy', totalQuantity=1.0, orderType='MKT', account='DU1044803', conditions=[], softDollarTier=SoftDollarTier())"
205,Cancel Submitted,True,2020-04-29 07:15:05.540663,1/1/20,1/1/20,"Order(orderId=205, action='Sell', totalQuantity=2, orderType='STP', lmtPrice=0, auxPrice=2885.75, tif='GTC', parentId=204, faProfile='cci_day', conditions=[], softDollarTier=SoftDollarTier())"
212,Cancel Submitted,False,2020-04-29 07:30:05.520316,1/1/20,1/1/20,"Order(orderId=212, action='Sell', totalQuantity=1.0, orderType='MKT', account='DU1044803', conditions=[], softDollarTier=SoftDollarTier())"
212,Cancel Submitted,False,2020-04-29 07:30:05.522885,1/1/20,1/1/20,"Order(orderId=212, action='Sell', totalQuantity=1.0, orderType='MKT', account='DU1044803', conditions=[], softDollarTier=SoftDollarTier())"
108,Cancel Submitted,True,2020-05-01 11:15:03.992373,1/1/20,1/1/20,"Order(orderId=108, action='Buy', totalQuantity=2, orderType='STP', lmtPrice=0, auxPrice=2853.0, tif='GTC', parentId=107, faProfile='cci_day', conditions=[], softDollarTier=SoftDollarTier())"
60,Cancel Submitted,True,2020-05-03 18:00:05.388969,1/1/20,1/1/20,"Order(orderId=60, action='Buy', totalQuantity=2, orderType='STP', lmtPrice=0, auxPrice=2802.0, tif='GTC', parentId=59, faProfile='ccibb_day', conditions=[], softDollarTier=SoftDollarTier())"
62,Cancel Submitted,True,2020-05-03 18:00:05.436807,1/1/20,1/1/20,"Order(orderId=62, action='Buy', totalQuantity=2, orderType='STP', lmtPrice=0, auxPrice=2802.0, tif='GTC', parentId=61, faProfile='cci_day', conditions=[], softDollarTier=SoftDollarTier())"
111,Cancel Submitted,False,2020-05-03 20:00:06.768171,1/1/20,1/1/20,"Order(orderId=111, action='Buy', totalQuantity=1.0, orderType='MKT', account='DU1044803', conditions=[], softDollarTier=SoftDollarTier())"
111,Cancel Submitted,False,2020-05-03 20:00:06.769847,1/1/20,1/1/20,"Order(orderId=111, action='Buy', totalQuantity=1.0, orderType='MKT', account='DU1044803', conditions=[], softDollarTier=SoftDollarTier())"
112,Cancel Submitted,False,2020-05-03 20:00:06.800319,1/1/20,1/1/20,"Order(orderId=112, action='Buy', totalQuantity=1.0, orderType='MKT', account='DU1044804', conditions=[], softDollarTier=SoftDollarTier())"
112,Cancel Submitted,False,2020-05-03 20:00:06.806204,1/1/20,1/1/20,"Order(orderId=112, action='Buy', totalQuantity=1.0, orderType='MKT', account='DU1044804', conditions=[], softDollarTier=SoftDollarTier())"
408,Cancel Submitted,True,2020-05-04 23:00:04.769246,1/1/20,1/1/20,"Order(orderId=408, action='Buy', totalQuantity=2, orderType='STP', lmtPrice=0, auxPrice=2856.25, tif='GTC', parentId=407, faProfile='cci_day', conditions=[], softDollarTier=SoftDollarTier())"
431,Cancel Submitted,False,2020-05-05 01:30:05.390528,1/1/20,1/1/20,"Order(orderId=431, action='Buy', totalQuantity=1.0, orderType='MKT', account='DU1044803', conditions=[], softDollarTier=SoftDollarTier())"
431,Cancel Submitted,False,2020-05-05 01:30:05.391718,1/1/20,1/1/20,"Order(orderId=431, action='Buy', totalQuantity=1.0, orderType='MKT', account='DU1044803', conditions=[], softDollarTier=SoftDollarTier())"
547,Cancel Submitted,True,2020-05-05 06:15:04.295657,1/1/20,1/1/20,"Order(orderId=547, action='Sell', totalQuantity=2, orderType='STP', lmtPrice=0, auxPrice=2843.75, tif='GTC', parentId=546, faProfile='cci_day', conditions=[], softDollarTier=SoftDollarTier())"
624,Cancel Submitted,True,2020-05-05 11:30:04.557879,1/1/20,1/1/20,"Order(orderId=624, action='Buy', totalQuantity=2, orderType='STP', lmtPrice=0, auxPrice=2889.25, tif='GTC', parentId=623, faProfile='ccibb_day', conditions=[], softDollarTier=SoftDollarTier())"
626,Cancel Submitted,True,2020-05-05 11:30:04.657744,1/1/20,1/1/20,"Order(orderId=626, action='Buy', totalQuantity=2, orderType='STP', lmtPrice=0, auxPrice=2889.25, tif='GTC', parentId=625, faProfile='cci_day', conditions=[], softDollarTier=SoftDollarTier())"
805,Cancel Submitted,True,2020-05-05 20:15:05.012520,1/1/20,1/1/20,"Order(orderId=805, action='Buy', totalQuantity=2, orderType='STP', lmtPrice=0, auxPrice=2866.25, tif='GTC', parentId=804, faProfile='ccibb_day', conditions=[], softDollarTier=SoftDollarTier())"
807,Cancel Submitted,True,2020-05-05 20:15:05.126436,1/1/20,1/1/20,"Order(orderId=807, action='Buy', totalQuantity=2, orderType='STP', lmtPrice=0, auxPrice=2866.25, tif='GTC', parentId=806, faProfile='cci_day', conditions=[], softDollarTier=SoftDollarTier())"
850,Cancel Submitted,False,2020-05-05 22:00:06.509008,1/1/20,1/1/20,"Order(orderId=850, action='Buy', totalQuantity=1.0, orderType='MKT', account='DU1044804', conditions=[], softDollarTier=SoftDollarTier())"
850,Cancel Submitted,False,2020-05-05 22:00:06.510860,1/1/20,1/1/20,"Order(orderId=850, action='Buy', totalQuantity=1.0, orderType='MKT', account='DU1044804', conditions=[], softDollarTier=SoftDollarTier())"
851,Cancel Submitted,False,2020-05-05 22:00:06.553049,1/1/20,1/1/20,"Order(orderId=851, action='Buy', totalQuantity=1.0, orderType='MKT', account='DU1044803', conditions=[], softDollarTier=SoftDollarTier())"
851,Cancel Submitted,False,2020-05-05 22:00:06.558152,1/1/20,1/1/20,"Order(orderId=851, action='Buy', totalQuantity=1.0, orderType='MKT', account='DU1044803', conditions=[], softDollarTier=SoftDollarTier())"
910,Cancel Submitted,True,2020-05-06 09:30:04.545933,1/1/20,1/1/20,"Order(orderId=910, action='Sell', totalQuantity=2, orderType='STP', lmtPrice=0, auxPrice=2872.5, tif='GTC', parentId=909, faProfile='cci_day', conditions=[], softDollarTier=SoftDollarTier())"
918,Cancel Submitted,True,2020-05-06 09:45:04.324389,1/1/20,1/1/20,"Order(orderId=918, action='Buy', totalQuantity=2, orderType='STP', lmtPrice=0, auxPrice=2877.0, tif='GTC', parentId=917, faProfile='ccibb_day', conditions=[], softDollarTier=SoftDollarTier())"
920,Cancel Submitted,True,2020-05-06 09:45:04.420421,1/1/20,1/1/20,"Order(orderId=920, action='Buy', totalQuantity=2, orderType='STP', lmtPrice=0, auxPrice=2877.0, tif='GTC', parentId=919, faProfile='cci_day', conditions=[], softDollarTier=SoftDollarTier())"
1036,Cancel Submitted,True,2020-05-06 14:30:05.084428,1/1/20,1/1/20,"Order(orderId=1036, action='Buy', totalQuantity=2, orderType='STP', lmtPrice=0, auxPrice=2864.25, tif='GTC', parentId=1035, faProfile='cci_day', conditions=[], softDollarTier=SoftDollarTier())"
1140,Cancel Submitted,True,2020-05-06 18:45:04.938652,1/1/20,1/1/20,"Order(orderId=1140, action='Sell', totalQuantity=2, orderType='STP', lmtPrice=0, auxPrice=2822.0, tif='GTC', parentId=1139, faProfile='cci_day', conditions=[], softDollarTier=SoftDollarTier())"
1157,Cancel Submitted,False,2020-05-07 02:00:04.920522,1/1/20,1/1/20,"Order(orderId=1157, action='Sell', totalQuantity=1.0, orderType='MKT', account='DU1044803', conditions=[], softDollarTier=SoftDollarTier())"
1157,Cancel Submitted,False,2020-05-07 02:00:04.924606,1/1/20,1/1/20,"Order(orderId=1157, action='Sell', totalQuantity=1.0, orderType='MKT', account='DU1044803', conditions=[], softDollarTier=SoftDollarTier())"
1165,Cancel Submitted,True,2020-05-07 02:15:04.504444,1/1/20,1/1/20,"Order(orderId=1165, action='Sell', totalQuantity=2, orderType='STP', lmtPrice=0, auxPrice=2846.75, tif='GTC', parentId=1164, faProfile='cci_day', conditions=[], softDollarTier=SoftDollarTier())"
1214,Cancel Submitted,False,2020-05-07 04:15:05.424429,1/1/20,1/1/20,"Order(orderId=1214, action='Sell', totalQuantity=1.0, orderType='MKT', account='DU1044803', conditions=[], softDollarTier=SoftDollarTier())"
1214,Cancel Submitted,False,2020-05-07 04:15:05.426588,1/1/20,1/1/20,"Order(orderId=1214, action='Sell', totalQuantity=1.0, orderType='MKT', account='DU1044803', conditions=[], softDollarTier=SoftDollarTier())"
1342,Cancel Submitted,True,2020-05-07 09:30:06.143894,1/1/20,1/1/20,"Order(orderId=1342, action='Buy', totalQuantity=2, orderType='STP', lmtPrice=0, auxPrice=2887.75, tif='GTC', parentId=1341, faProfile='cci_day', conditions=[], softDollarTier=SoftDollarTier())"
1355,Cancel Submitted,False,2020-05-07 10:00:05.756419,1/1/20,1/1/20,"Order(orderId=1355, action='Buy', totalQuantity=1.0, orderType='MKT', account='DU1044803', conditions=[], softDollarTier=SoftDollarTier())"
1355,Cancel Submitted,False,2020-05-07 10:00:05.758732,1/1/20,1/1/20,"Order(orderId=1355, action='Buy', totalQuantity=1.0, orderType='MKT', account='DU1044803', conditions=[], softDollarTier=SoftDollarTier())"
1363,Cancel Submitted,True,2020-05-07 10:15:04.457151,1/1/20,1/1/20,"Order(orderId=1363, action='Buy', totalQuantity=2, orderType='STP', lmtPrice=0, auxPrice=2878.5, tif='GTC', parentId=1362, faProfile='cci_day', conditions=[], softDollarTier=SoftDollarTier())"
1431,Cancel Submitted,True,2020-05-07 13:00:04.768336,1/1/20,1/1/20,"Order(orderId=1431, action='Buy', totalQuantity=2, orderType='STP', lmtPrice=0, auxPrice=2896.25, tif='GTC', parentId=1430, faProfile='cci_day', conditions=[], softDollarTier=SoftDollarTier())"
1511,Cancel Submitted,True,2020-05-07 16:15:04.113737,1/1/20,1/1/20,"Order(orderId=1511, action='Sell', totalQuantity=2, orderType='STP', lmtPrice=0, auxPrice=2873.0, tif='GTC', parentId=1510, faProfile='cci_day', conditions=[], softDollarTier=SoftDollarTier())"
1657,Cancel Submitted,True,2020-05-07 22:15:04.554136,1/1/20,1/1/20,"Order(orderId=1657, action='Buy', totalQuantity=2, orderType='STP', lmtPrice=0, auxPrice=2909.75, tif='GTC', parentId=1656, faProfile='cci_day', conditions=[], softDollarTier=SoftDollarTier())"
1703,Cancel Submitted,False,2020-05-08 08:45:05.284638,1/1/20,1/1/20,"Order(orderId=1703, action='Buy', totalQuantity=1.0, orderType='MKT', account='DU1044803', conditions=[], softDollarTier=SoftDollarTier())"
1703,Cancel Submitted,False,2020-05-08 08:45:05.286632,1/1/20,1/1/20,"Order(orderId=1703, action='Buy', totalQuantity=1.0, orderType='MKT', account='DU1044803', conditions=[], softDollarTier=SoftDollarTier())"
1741,Cancel Submitted,True,2020-05-08 10:15:04.731971,1/1/20,1/1/20,"Order(orderId=1741, action='Sell', totalQuantity=2, orderType='STP', lmtPrice=0, auxPrice=2903.75, tif='GTC', parentId=1740, faProfile='cci_day', conditions=[], softDollarTier=SoftDollarTier())"
1755,Cancel Submitted,True,2020-05-08 10:45:04.853509,1/1/20,1/1/20,"Order(orderId=1755, action='Buy', totalQuantity=2, orderType='STP', lmtPrice=0, auxPrice=2909.5, tif='GTC', parentId=1754, faProfile='cci_day', conditions=[], softDollarTier=SoftDollarTier())"
1769,Cancel Submitted,True,2020-05-08 11:15:04.822201,1/1/20,1/1/20,"Order(orderId=1769, action='Sell', totalQuantity=2, orderType='STP', lmtPrice=0, auxPrice=2902.75, tif='GTC', parentId=1768, faProfile='cci_day', conditions=[], softDollarTier=SoftDollarTier())"
1819,Cancel Submitted,True,2020-05-08 13:15:04.416553,1/1/20,1/1/20,"Order(orderId=1819, action='Buy', totalQuantity=2, orderType='STP', lmtPrice=0, auxPrice=2924.75, tif='GTC', parentId=1818, faProfile='cci_day', conditions=[], softDollarTier=SoftDollarTier())"
1862,Cancel Submitted,False,2020-05-08 15:00:06.521596,1/1/20,1/1/20,"Order(orderId=1862, action='Buy', totalQuantity=1.0, orderType='MKT', account='DU1044803', conditions=[], softDollarTier=SoftDollarTier())"
1862,Cancel Submitted,False,2020-05-08 15:00:06.523066,1/1/20,1/1/20,"Order(orderId=1862, action='Buy', totalQuantity=1.0, orderType='MKT', account='DU1044803', conditions=[], softDollarTier=SoftDollarTier())"
60,Cancel Submitted,True,2020-05-10 18:15:04.941790,1/1/20,1/1/20,"Order(orderId=60, action='Buy', totalQuantity=2, orderType='STP', lmtPrice=0, auxPrice=2929.0, tif='GTC', parentId=59, faProfile='cci_day', conditions=[], softDollarTier=SoftDollarTier())"
97,Cancel Submitted,False,2020-05-10 19:45:05.173221,1/1/20,1/1/20,"Order(orderId=97, action='Buy', totalQuantity=1.0, orderType='MKT', account='DU1044803', conditions=[], softDollarTier=SoftDollarTier())"
97,Cancel Submitted,False,2020-05-10 19:45:05.175221,1/1/20,1/1/20,"Order(orderId=97, action='Buy', totalQuantity=1.0, orderType='MKT', account='DU1044803', conditions=[], softDollarTier=SoftDollarTier())"
129,Cancel Submitted,True,2020-05-10 21:00:04.797838,1/1/20,1/1/20,"Order(orderId=129, action='Buy', totalQuantity=2, orderType='STP', lmtPrice=0, auxPrice=2946.75, tif='GTC', parentId=128, faProfile='ccibb_day', conditions=[], softDollarTier=SoftDollarTier())"
131,Cancel Submitted,True,2020-05-10 21:00:04.917623,1/1/20,1/1/20,"Order(orderId=131, action='Buy', totalQuantity=2, orderType='STP', lmtPrice=0, auxPrice=2946.75, tif='GTC', parentId=130, faProfile='cci_day', conditions=[], softDollarTier=SoftDollarTier())"
196,Cancel Submitted,False,2020-05-11 03:30:06.960757,1/1/20,1/1/20,"Order(orderId=196, action='Buy', totalQuantity=1.0, orderType='MKT', account='DU1044803', conditions=[], softDollarTier=SoftDollarTier())"
196,Cancel Submitted,False,2020-05-11 03:30:06.962538,1/1/20,1/1/20,"Order(orderId=196, action='Buy', totalQuantity=1.0, orderType='MKT', account='DU1044803', conditions=[], softDollarTier=SoftDollarTier())"
197,Cancel Submitted,False,2020-05-11 03:30:06.999922,1/1/20,1/1/20,"Order(orderId=197, action='Buy', totalQuantity=1.0, orderType='MKT', account='DU1044804', conditions=[], softDollarTier=SoftDollarTier())"
197,Cancel Submitted,False,2020-05-11 03:30:07.011124,1/1/20,1/1/20,"Order(orderId=197, action='Buy', totalQuantity=1.0, orderType='MKT', account='DU1044804', conditions=[], softDollarTier=SoftDollarTier())"
571,Cancel Submitted,True,2020-05-11 19:00:05.056579,1/1/20,1/1/20,"Order(orderId=571, action='Buy', totalQuantity=2, orderType='STP', lmtPrice=0, auxPrice=2927.75, tif='GTC', parentId=570, faProfile='cci_day', conditions=[], softDollarTier=SoftDollarTier())"
650,Cancel Submitted,False,2020-05-11 22:15:05.766941,1/1/20,1/1/20,"Order(orderId=650, action='Buy', totalQuantity=1.0, orderType='MKT', account='DU1044803', conditions=[], softDollarTier=SoftDollarTier())"
650,Cancel Submitted,False,2020-05-11 22:15:05.769620,1/1/20,1/1/20,"Order(orderId=650, action='Buy', totalQuantity=1.0, orderType='MKT', account='DU1044803', conditions=[], softDollarTier=SoftDollarTier())"
758,Cancel Submitted,True,2020-05-12 05:15:04.677115,1/1/20,1/1/20,"Order(orderId=758, action='Buy', totalQuantity=2, orderType='STP', lmtPrice=0, auxPrice=2918.5, tif='GTC', parentId=757, faProfile='cci_day', conditions=[], softDollarTier=SoftDollarTier())"
772,Cancel Submitted,True,2020-05-12 05:45:04.894201,1/1/20,1/1/20,"Order(orderId=772, action='Buy', totalQuantity=2, orderType='STP', lmtPrice=0, auxPrice=2918.25, tif='GTC', parentId=771, faProfile='cci_day', conditions=[], softDollarTier=SoftDollarTier())"
785,Cancel Submitted,False,2020-05-12 06:15:06.862520,1/1/20,1/1/20,"Order(orderId=785, action='Buy', totalQuantity=2.0, orderType='MKT', account='DU1044803', conditions=[], softDollarTier=SoftDollarTier())"
785,Cancel Submitted,False,2020-05-12 06:15:06.879051,1/1/20,1/1/20,"Order(orderId=785, action='Buy', totalQuantity=2.0, orderType='MKT', account='DU1044803', conditions=[], softDollarTier=SoftDollarTier())"
126,Cancel Submitted,True,2020-05-12 15:00:04.705069,1/1/20,1/1/20,"Order(orderId=126, action='Sell', totalQuantity=2, orderType='STP', lmtPrice=0, auxPrice=2900.0, tif='GTC', parentId=125, faProfile='ccibb_day', conditions=[], softDollarTier=SoftDollarTier())"
128,Cancel Submitted,True,2020-05-12 15:00:04.747562,1/1/20,1/1/20,"Order(orderId=128, action='Sell', totalQuantity=2, orderType='STP', lmtPrice=0, auxPrice=2900.0, tif='GTC', parentId=127, faProfile='cci_day', conditions=[], softDollarTier=SoftDollarTier())"
320,Cancel Submitted,True,2020-05-13 08:45:04.574471,1/1/20,1/1/20,"Order(orderId=320, action='Buy', totalQuantity=2, orderType='STP', lmtPrice=0, auxPrice=2872.25, tif='GTC', parentId=319, faProfile='cci_day', conditions=[], softDollarTier=SoftDollarTier())"
364,Cancel Submitted,True,2020-05-13 10:30:04.415619,1/1/20,1/1/20,"Order(orderId=364, action='Sell', totalQuantity=2, orderType='STP', lmtPrice=0, auxPrice=2850.5, tif='GTC', parentId=363, faProfile='ccibb_day', conditions=[], softDollarTier=SoftDollarTier())"
366,Cancel Submitted,True,2020-05-13 10:30:04.533193,1/1/20,1/1/20,"Order(orderId=366, action='Sell', totalQuantity=2, orderType='STP', lmtPrice=0, auxPrice=2850.5, tif='GTC', parentId=365, faProfile='cci_day', conditions=[], softDollarTier=SoftDollarTier())"
564,Cancel Submitted,True,2020-05-14 09:15:04.702258,1/1/20,1/1/20,"Order(orderId=564, action='Sell', totalQuantity=2, orderType='STP', lmtPrice=0, auxPrice=2781.25, tif='GTC', parentId=563, faProfile='ccibb_day', conditions=[], softDollarTier=SoftDollarTier())"
566,Cancel Submitted,True,2020-05-14 09:15:04.794374,1/1/20,1/1/20,"Order(orderId=566, action='Sell', totalQuantity=2, orderType='STP', lmtPrice=0, auxPrice=2781.25, tif='GTC', parentId=565, faProfile='cci_day', conditions=[], softDollarTier=SoftDollarTier())"
598,Cancel Submitted,True,2020-05-14 10:30:04.869411,1/1/20,1/1/20,"Order(orderId=598, action='Sell', totalQuantity=2, orderType='STP', lmtPrice=0, auxPrice=2759.25, tif='GTC', parentId=597, faProfile='ccibb_day', conditions=[], softDollarTier=SoftDollarTier())"
600,Cancel Submitted,True,2020-05-14 10:30:04.980752,1/1/20,1/1/20,"Order(orderId=600, action='Sell', totalQuantity=2, orderType='STP', lmtPrice=0, auxPrice=2759.25, tif='GTC', parentId=599, faProfile='cci_day', conditions=[], softDollarTier=SoftDollarTier())"
702,Cancel Submitted,True,2020-05-15 05:00:04.341318,1/1/20,1/1/20,"Order(orderId=702, action='Buy', totalQuantity=2, orderType='STP', lmtPrice=0, auxPrice=2862.0, tif='GTC', parentId=701, faProfile='cci_day', conditions=[], softDollarTier=SoftDollarTier())"
787,Cancel Submitted,False,2020-05-15 08:30:05.026646,1/1/20,1/1/20,"Order(orderId=787, action='Buy', totalQuantity=1.0, orderType='MKT', account='DU1044803', conditions=[], softDollarTier=SoftDollarTier())"
787,Cancel Submitted,False,2020-05-15 08:30:05.030491,1/1/20,1/1/20,"Order(orderId=787, action='Buy', totalQuantity=1.0, orderType='MKT', account='DU1044803', conditions=[], softDollarTier=SoftDollarTier())"
879,Cancel Submitted,True,2020-05-15 12:15:03.984053,1/1/20,1/1/20,"Order(orderId=879, action='Sell', totalQuantity=2, orderType='STP', lmtPrice=0, auxPrice=2824.25, tif='GTC', parentId=878, faProfile='cci_day', conditions=[], softDollarTier=SoftDollarTier())"
157,Cancel Submitted,True,2020-05-18 05:15:04.805354,1/1/20,1/1/20,"Order(orderId=157, action='Buy', totalQuantity=2, orderType='STP', lmtPrice=0, auxPrice=2894.75, tif='GTC', parentId=156, faProfile='cci_day', conditions=[], softDollarTier=SoftDollarTier())"
200,Cancel Submitted,False,2020-05-18 07:00:07.202859,1/1/20,1/1/20,"Order(orderId=200, action='Buy', totalQuantity=1.0, orderType='MKT', account='DU1044803', conditions=[], softDollarTier=SoftDollarTier())"
200,Cancel Submitted,False,2020-05-18 07:00:07.206076,1/1/20,1/1/20,"Order(orderId=200, action='Buy', totalQuantity=1.0, orderType='MKT', account='DU1044803', conditions=[], softDollarTier=SoftDollarTier())"
235,Cancel Submitted,True,2020-05-18 12:15:04.209965,1/1/20,1/1/20,"Order(orderId=235, action='Buy', totalQuantity=2, orderType='STP', lmtPrice=0, auxPrice=2951.75, tif='GTC', parentId=234, faProfile='cci_day', conditions=[], softDollarTier=SoftDollarTier())"
403,Cancel Submitted,True,2020-05-19 08:15:08.444975,1/1/20,1/1/20,"Order(orderId=403, action='Buy', totalQuantity=2, orderType='STP', lmtPrice=0, auxPrice=2943.75, tif='GTC', parentId=402, faProfile='cci_day', conditions=[], softDollarTier=SoftDollarTier())"
453,Cancel Submitted,True,2020-05-19 10:15:06.967777,1/1/20,1/1/20,"Order(orderId=453, action='Sell', totalQuantity=2, orderType='STP', lmtPrice=0, auxPrice=2944.75, tif='GTC', parentId=452, faProfile='cci_day', conditions=[], softDollarTier=SoftDollarTier())"
515,Cancel Submitted,True,2020-05-19 12:45:06.472717,1/1/20,1/1/20,"Order(orderId=515, action='Buy', totalQuantity=2, orderType='STP', lmtPrice=0, auxPrice=2954.5, tif='GTC', parentId=514, faProfile='ccibb_day', conditions=[], softDollarTier=SoftDollarTier())"
517,Cancel Submitted,True,2020-05-19 12:45:06.987542,1/1/20,1/1/20,"Order(orderId=517, action='Buy', totalQuantity=2, orderType='STP', lmtPrice=0, auxPrice=2954.5, tif='GTC', parentId=516, faProfile='cci_day', conditions=[], softDollarTier=SoftDollarTier())"
657,Cancel Submitted,True,2020-05-19 18:30:05.969505,1/1/20,1/1/20,"Order(orderId=657, action='Sell', totalQuantity=2, orderType='STP', lmtPrice=0, auxPrice=2908.0, tif='GTC', parentId=656, faProfile='cci_day', conditions=[], softDollarTier=SoftDollarTier())"
885,Cancel Submitted,True,2020-05-21 10:15:05.315701,1/1/20,1/1/20,"Order(orderId=885, action='Buy', totalQuantity=2, orderType='STP', lmtPrice=0, auxPrice=2971.75, tif='GTC', parentId=884, faProfile='cci_day', conditions=[], softDollarTier=SoftDollarTier())"
276,Cancel Submitted,True,2020-05-22 15:30:04.193023,1/1/20,1/1/20,"Order(orderId=276, action='Buy', totalQuantity=2, orderType='STP', lmtPrice=0, auxPrice=2947.5, tif='GTC', parentId=275, faProfile='cci_day', conditions=[], softDollarTier=SoftDollarTier())"
